action,stock,price,time,user_role,outcome
update_stok,557,121356,siang,admin,0
hapus_data,526,218228,pagi,staff,2
kirim_barang,152,43727,sore,intern,0
update_stok,733,341615,malam,intern,0
update_stok,205,9068,malam,staff,1
hapus_data,454,117923,sore,admin,0
kirim_barang,272,401511,sore,staff,0
kirim_barang,893,435376,sore,staff,0
update_stok,235,12390,sore,staff,0
set_harga,851,107752,sore,staff,0
update_stok,739,414347,sore,admin,0
update_stok,520,357898,malam,staff,1
update_stok,677,339113,sore,admin,0
update_stok,943,147110,pagi,staff,0
hapus_data,955,446543,sore,intern,2
kirim_barang,830,225790,sore,admin,0
hapus_data,725,340208,malam,intern,2
hapus_data,500,22281,malam,staff,2
hapus_data,116,55189,sore,staff,2
update_stok,385,263093,malam,staff,1
set_harga,343,311655,siang,admin,0
kirim_barang,583,123115,malam,intern,0
set_harga,394,9605,malam,admin,0
hapus_data,63,363462,malam,admin,0
hapus_data,716,395597,malam,staff,2
set_harga,720,460850,pagi,intern,0
set_harga,71,282954,pagi,staff,0
set_harga,788,250415,pagi,admin,0
hapus_data,273,156394,sore,staff,2
hapus_data,989,42869,sore,intern,2
kirim_barang,319,33955,siang,staff,0
kirim_barang,337,62388,pagi,intern,0
hapus_data,365,242324,sore,intern,2
set_harga,494,11207,malam,staff,1
set_harga,606,219401,malam,admin,0
kirim_barang,165,461844,pagi,staff,0
hapus_data,543,160292,siang,admin,0
kirim_barang,10,478266,siang,admin,2
kirim_barang,300,497762,malam,staff,1
update_stok,728,206157,siang,admin,0
update_stok,800,23031,pagi,admin,0
update_stok,101,464937,malam,staff,1
set_harga,424,343951,sore,staff,1
hapus_data,391,72312,sore,staff,2
hapus_data,778,60766,siang,admin,0
hapus_data,213,144521,malam,intern,0
hapus_data,690,352977,malam,admin,0
update_stok,87,188771,sore,intern,0
set_harga,552,238199,malam,staff,1
set_harga,400,475469,malam,intern,2
update_stok,587,237731,malam,staff,1
set_harga,888,236841,siang,staff,0
update_stok,45,112041,malam,intern,0
hapus_data,671,117185,pagi,staff,2
update_stok,462,178164,siang,intern,0
hapus_data,591,457887,malam,staff,2
hapus_data,309,11350,malam,admin,0
kirim_barang,85,228230,pagi,admin,1
update_stok,91,364003,siang,staff,0
kirim_barang,659,262570,sore,staff,0
update_stok,672,69487,sore,intern,0
update_stok,713,149694,siang,admin,0
kirim_barang,935,124853,malam,intern,0
kirim_barang,927,464479,malam,staff,1
update_stok,241,316261,sore,staff,0
set_harga,864,236062,sore,intern,0
hapus_data,1,452610,sore,staff,2
kirim_barang,224,234077,pagi,admin,0
hapus_data,800,364228,sore,intern,2
set_harga,744,24782,pagi,admin,0
set_harga,972,291598,siang,admin,0
set_harga,925,331048,malam,admin,0
kirim_barang,928,130936,sore,intern,0
set_harga,588,409808,malam,staff,1
kirim_barang,115,154245,malam,admin,0
set_harga,665,427420,sore,admin,0
hapus_data,917,429812,sore,admin,0
hapus_data,102,428540,siang,staff,2
update_stok,193,123258,pagi,staff,0
hapus_data,165,112668,pagi,intern,2
update_stok,870,455418,malam,staff,1
hapus_data,89,483616,sore,intern,2
kirim_barang,685,387328,siang,intern,0
hapus_data,121,424966,siang,intern,2
update_stok,142,470328,siang,intern,0
update_stok,993,279710,siang,intern,0
set_harga,105,139262,siang,admin,0
kirim_barang,886,482823,pagi,staff,0
hapus_data,427,39333,pagi,admin,0
set_harga,304,385073,pagi,intern,0
hapus_data,871,212977,sore,staff,2
hapus_data,970,90571,malam,admin,0
set_harga,316,121263,siang,admin,0
set_harga,962,395805,sore,intern,0
set_harga,634,26235,siang,admin,0
set_harga,901,1159,pagi,admin,0
set_harga,8,144217,sore,admin,0
hapus_data,773,475125,pagi,admin,0
set_harga,72,163993,siang,admin,2
kirim_barang,358,368003,siang,intern,0
update_stok,222,148309,malam,intern,0
set_harga,415,108507,siang,admin,0
set_harga,552,402460,pagi,intern,0
hapus_data,369,15743,siang,intern,2
set_harga,715,229174,malam,staff,1
set_harga,263,47101,malam,admin,2
set_harga,839,243717,pagi,intern,0
hapus_data,689,122534,sore,intern,2
set_harga,859,347371,siang,admin,0
update_stok,317,231604,malam,staff,2
hapus_data,83,188450,siang,admin,0
update_stok,317,334270,siang,staff,0
hapus_data,110,319215,sore,admin,0
set_harga,250,203193,malam,admin,0
update_stok,382,337907,siang,admin,0
hapus_data,6,488030,malam,admin,0
kirim_barang,458,236422,pagi,staff,0
set_harga,83,406453,pagi,staff,0
hapus_data,207,147721,siang,intern,2
kirim_barang,899,169785,malam,admin,0
hapus_data,389,205535,siang,staff,2
kirim_barang,313,177481,malam,staff,1
set_harga,21,180838,malam,staff,1
update_stok,409,47154,sore,admin,1
kirim_barang,894,270160,sore,intern,0
hapus_data,514,473779,sore,staff,2
set_harga,126,442904,siang,admin,0
kirim_barang,808,352822,sore,staff,0
hapus_data,699,375200,sore,staff,2
hapus_data,873,55238,pagi,intern,2
hapus_data,13,321752,malam,staff,2
kirim_barang,970,90081,malam,staff,1
kirim_barang,977,248644,sore,admin,0
kirim_barang,11,426113,malam,admin,2
update_stok,86,314105,pagi,intern,0
kirim_barang,523,200775,pagi,admin,2
kirim_barang,908,438973,sore,admin,0
kirim_barang,536,290061,pagi,intern,0
update_stok,300,416952,malam,staff,1
kirim_barang,242,291134,siang,intern,0
hapus_data,121,63551,malam,admin,0
kirim_barang,146,452377,siang,intern,0
hapus_data,566,211695,sore,staff,2
hapus_data,749,154512,siang,intern,2
hapus_data,355,167277,pagi,admin,0
update_stok,684,81811,malam,admin,0
update_stok,903,255840,siang,intern,0
update_stok,732,318247,malam,staff,1
kirim_barang,630,465028,sore,intern,0
hapus_data,308,435843,sore,staff,2
update_stok,694,369266,pagi,staff,0
update_stok,287,235104,sore,intern,0
kirim_barang,306,20008,siang,staff,0
update_stok,811,203346,sore,admin,0
kirim_barang,593,33402,pagi,intern,0
set_harga,965,185456,malam,staff,1
update_stok,913,260994,malam,admin,0
set_harga,722,400009,sore,intern,0
kirim_barang,661,497043,siang,admin,0
hapus_data,548,137643,pagi,admin,0
update_stok,351,491083,siang,admin,0
kirim_barang,311,410425,pagi,staff,0
hapus_data,872,114550,sore,intern,2
hapus_data,58,485146,pagi,intern,2
set_harga,642,437364,pagi,staff,0
kirim_barang,923,92218,sore,intern,0
hapus_data,713,134296,siang,admin,0
update_stok,754,180767,sore,intern,0
update_stok,34,383923,pagi,staff,0
set_harga,444,392858,sore,admin,0
hapus_data,92,242060,pagi,staff,2
kirim_barang,949,241016,sore,admin,0
update_stok,958,33441,malam,admin,0
hapus_data,206,239038,malam,intern,2
hapus_data,352,171201,sore,admin,0
set_harga,902,232324,siang,staff,0
update_stok,331,325512,pagi,intern,0
update_stok,816,93122,malam,staff,1
kirim_barang,861,45760,siang,admin,2
update_stok,724,286622,pagi,staff,0
kirim_barang,158,391025,malam,staff,1
update_stok,953,334998,malam,admin,0
set_harga,956,357374,sore,intern,0
update_stok,23,348860,pagi,staff,0
kirim_barang,403,144252,siang,admin,0
kirim_barang,804,99538,siang,intern,0
set_harga,515,16372,siang,intern,0
update_stok,731,292940,pagi,intern,0
update_stok,363,452488,siang,staff,0
set_harga,381,222035,siang,staff,0
update_stok,531,361970,siang,staff,0
update_stok,955,383736,sore,intern,0
kirim_barang,151,356779,sore,staff,0
update_stok,561,112022,pagi,admin,1
update_stok,688,55040,pagi,staff,0
set_harga,946,338501,siang,staff,0
set_harga,607,203440,sore,intern,0
hapus_data,616,79356,malam,staff,2
kirim_barang,419,279355,malam,admin,0
update_stok,249,368570,siang,intern,0
update_stok,116,268986,siang,admin,0
hapus_data,865,457331,sore,intern,1
update_stok,511,329996,sore,intern,0
kirim_barang,739,388881,sore,staff,0
hapus_data,577,309112,pagi,admin,0
kirim_barang,334,280652,pagi,intern,0
hapus_data,417,154077,siang,staff,2
hapus_data,931,55575,pagi,intern,2
set_harga,773,474958,sore,intern,0
kirim_barang,294,151043,sore,intern,0
update_stok,937,419815,pagi,intern,0
update_stok,754,481808,malam,intern,0
kirim_barang,370,67914,siang,intern,0
update_stok,185,250134,malam,staff,1
update_stok,245,68055,siang,intern,0
kirim_barang,636,88697,malam,admin,0
hapus_data,267,107239,pagi,staff,2
kirim_barang,642,236469,siang,admin,0
hapus_data,236,124106,siang,intern,2
update_stok,529,268499,siang,admin,0
update_stok,551,317264,sore,intern,0
update_stok,20,468835,sore,intern,0
set_harga,910,301486,malam,staff,1
hapus_data,736,480208,pagi,staff,2
set_harga,866,473076,sore,intern,0
set_harga,793,3257,siang,staff,0
kirim_barang,519,290508,sore,admin,0
set_harga,99,157044,pagi,staff,0
kirim_barang,751,112715,sore,staff,0
kirim_barang,477,27654,siang,admin,0
set_harga,598,212841,malam,staff,1
hapus_data,297,344567,siang,intern,2
hapus_data,939,292464,pagi,admin,0
hapus_data,525,21808,malam,intern,2
hapus_data,333,53389,sore,admin,0
hapus_data,1,489906,sore,intern,2
set_harga,374,119581,sore,intern,0
set_harga,292,128927,malam,staff,1
update_stok,836,35773,siang,intern,0
hapus_data,933,183240,malam,staff,2
set_harga,552,421963,malam,admin,0
update_stok,317,339540,pagi,intern,0
hapus_data,501,370836,malam,intern,2
kirim_barang,827,215764,sore,admin,0
update_stok,380,58505,siang,admin,0
set_harga,622,349040,siang,intern,0
kirim_barang,13,19135,siang,admin,2
kirim_barang,503,91887,sore,staff,0
kirim_barang,230,123118,sore,admin,0
update_stok,984,490251,sore,admin,0
set_harga,83,310521,sore,intern,0
kirim_barang,129,155626,sore,staff,0
hapus_data,742,325635,malam,admin,0
kirim_barang,837,449837,sore,staff,0
kirim_barang,144,246739,sore,staff,0
update_stok,890,321427,sore,staff,0
update_stok,856,479356,sore,intern,0
set_harga,27,280067,siang,admin,0
hapus_data,65,310735,sore,intern,2
update_stok,162,63261,malam,admin,0
kirim_barang,228,317480,malam,admin,0
set_harga,260,337227,malam,intern,2
kirim_barang,448,61948,pagi,staff,0
kirim_barang,423,241891,siang,staff,0
update_stok,459,165074,sore,admin,0
set_harga,951,474314,pagi,intern,0
hapus_data,675,467232,sore,staff,2
hapus_data,300,289816,pagi,staff,2
update_stok,918,267357,pagi,admin,0
update_stok,302,142365,malam,admin,0
set_harga,286,494193,malam,intern,2
hapus_data,394,450076,pagi,admin,0
hapus_data,9,63507,malam,staff,2
hapus_data,706,58134,pagi,staff,2
kirim_barang,629,134172,siang,staff,0
hapus_data,269,242225,malam,staff,2
kirim_barang,591,194069,malam,intern,0
set_harga,969,291316,malam,intern,2
kirim_barang,604,283276,siang,admin,0
set_harga,777,249933,pagi,admin,0
hapus_data,843,281343,sore,admin,0
hapus_data,861,37609,malam,intern,2
set_harga,360,175037,pagi,staff,1
update_stok,256,140088,siang,admin,0
set_harga,132,433995,sore,staff,0
update_stok,275,497013,malam,admin,0
kirim_barang,775,295025,siang,admin,0
kirim_barang,682,214666,siang,admin,0
kirim_barang,971,287616,sore,admin,0
hapus_data,512,494678,pagi,admin,0
kirim_barang,312,183885,malam,staff,0
update_stok,575,232440,malam,admin,0
kirim_barang,885,258803,pagi,staff,0
set_harga,979,168093,pagi,intern,0
set_harga,283,317275,pagi,admin,0
hapus_data,120,156159,sore,staff,2
set_harga,106,13828,sore,intern,0
update_stok,932,455826,malam,intern,0
kirim_barang,686,359808,sore,intern,0
hapus_data,996,133473,siang,staff,2
kirim_barang,203,479395,malam,admin,0
kirim_barang,164,278337,sore,admin,0
update_stok,304,224461,pagi,staff,0
set_harga,496,439080,siang,admin,0
set_harga,631,414523,pagi,staff,0
kirim_barang,555,365662,malam,admin,0
hapus_data,823,282755,pagi,intern,2
set_harga,155,175863,sore,admin,0
hapus_data,366,406166,sore,staff,2
set_harga,718,339384,malam,staff,1
hapus_data,901,240719,pagi,intern,2
update_stok,619,209475,malam,staff,1
hapus_data,250,265889,pagi,admin,0
update_stok,956,318387,siang,admin,0
update_stok,915,267010,sore,intern,0
hapus_data,881,164317,malam,staff,2
update_stok,333,438940,siang,intern,0
kirim_barang,641,391825,siang,admin,0
update_stok,968,72354,malam,intern,0
set_harga,510,52374,malam,staff,2
hapus_data,292,115397,siang,intern,2
kirim_barang,19,249552,pagi,staff,2
hapus_data,281,387721,siang,staff,2
set_harga,796,424332,malam,admin,0
set_harga,0,344173,siang,admin,2
set_harga,118,356718,pagi,admin,0
update_stok,34,414663,sore,staff,0
update_stok,197,293575,sore,intern,0
hapus_data,484,412124,siang,staff,2
hapus_data,756,30336,pagi,admin,0
kirim_barang,58,304136,sore,admin,1
kirim_barang,836,56350,siang,intern,0
hapus_data,160,70561,siang,admin,0
update_stok,690,315099,pagi,admin,0
set_harga,205,62240,malam,admin,0
hapus_data,11,152165,siang,intern,2
kirim_barang,489,400371,malam,staff,1
update_stok,275,47607,malam,admin,0
hapus_data,692,427703,sore,intern,2
hapus_data,241,187740,malam,admin,0
update_stok,215,415179,pagi,intern,0
hapus_data,250,182196,sore,admin,1
update_stok,810,316014,sore,intern,0
set_harga,125,450763,sore,admin,0
update_stok,993,65110,siang,staff,0
update_stok,216,185626,siang,admin,0
update_stok,305,153008,malam,intern,0
hapus_data,796,380039,sore,admin,0
hapus_data,184,5426,sore,staff,2
update_stok,38,220911,pagi,admin,0
hapus_data,222,290750,malam,intern,2
kirim_barang,183,442048,pagi,intern,0
kirim_barang,494,29151,malam,staff,1
hapus_data,426,473519,malam,intern,2
hapus_data,177,274452,siang,admin,0
update_stok,918,241853,siang,admin,0
set_harga,427,456738,pagi,admin,0
hapus_data,293,255595,malam,intern,2
kirim_barang,851,177743,sore,admin,0
update_stok,150,91306,siang,admin,0
hapus_data,383,226180,sore,admin,0
kirim_barang,637,370128,pagi,staff,1
kirim_barang,812,3204,siang,intern,0
set_harga,307,93769,siang,intern,0
update_stok,335,88265,malam,intern,0
update_stok,945,294275,pagi,staff,0
set_harga,745,53428,malam,intern,2
set_harga,891,34870,siang,staff,0
update_stok,374,104547,pagi,staff,0
update_stok,7,236990,siang,intern,0
hapus_data,340,50067,pagi,admin,0
hapus_data,128,452801,siang,admin,0
set_harga,775,239083,sore,intern,0
hapus_data,668,113217,sore,intern,2
kirim_barang,351,415823,malam,staff,1
hapus_data,357,419184,sore,intern,2
hapus_data,516,99934,siang,staff,2
kirim_barang,494,143980,siang,intern,0
set_harga,85,420639,sore,admin,0
kirim_barang,174,337851,malam,admin,0
hapus_data,801,210329,sore,intern,2
set_harga,192,258354,pagi,staff,0
hapus_data,310,62215,pagi,admin,0
kirim_barang,118,187907,pagi,staff,0
kirim_barang,217,312573,sore,intern,0
hapus_data,426,345296,sore,intern,2
update_stok,969,109048,sore,admin,0
update_stok,413,170530,pagi,intern,0
kirim_barang,113,178241,malam,admin,0
kirim_barang,977,139731,siang,staff,0
update_stok,144,454830,sore,admin,0
update_stok,537,240977,malam,admin,0
hapus_data,647,340384,siang,staff,1
hapus_data,302,427009,siang,admin,0
update_stok,743,114688,siang,admin,0
hapus_data,880,309617,malam,intern,2
hapus_data,587,359906,malam,staff,2
set_harga,986,221460,pagi,admin,0
hapus_data,839,491834,malam,staff,2
kirim_barang,344,482546,malam,staff,1
hapus_data,813,370100,malam,admin,0
hapus_data,963,381596,siang,intern,2
update_stok,800,187823,sore,staff,0
kirim_barang,0,389455,pagi,admin,2
hapus_data,146,210987,sore,staff,2
hapus_data,286,448470,sore,intern,2
set_harga,975,270150,malam,intern,2
hapus_data,653,250243,pagi,intern,2
hapus_data,52,75218,sore,admin,0
set_harga,303,197416,sore,admin,0
update_stok,68,428056,pagi,intern,0
hapus_data,360,33430,malam,admin,0
set_harga,601,24091,sore,intern,0
kirim_barang,957,258125,siang,admin,0
update_stok,219,427199,sore,intern,0
kirim_barang,961,24989,siang,staff,0
kirim_barang,703,76451,malam,intern,0
set_harga,965,19990,sore,intern,0
hapus_data,574,353414,pagi,admin,0
set_harga,584,343504,pagi,admin,0
set_harga,160,251541,sore,admin,0
set_harga,680,299225,malam,admin,0
set_harga,88,143105,malam,admin,0
update_stok,687,371416,pagi,admin,0
hapus_data,780,279385,sore,staff,2
kirim_barang,584,125932,malam,intern,0
kirim_barang,756,269083,pagi,intern,0
hapus_data,588,114000,siang,intern,2
kirim_barang,158,179634,sore,staff,0
hapus_data,488,36063,siang,intern,2
kirim_barang,970,494216,siang,staff,0
set_harga,323,208793,malam,staff,1
kirim_barang,609,159117,malam,staff,1
hapus_data,380,438985,malam,intern,2
hapus_data,101,310262,sore,staff,2
hapus_data,493,85703,siang,intern,2
hapus_data,643,496164,sore,intern,2
hapus_data,613,415841,malam,admin,0
update_stok,18,236796,siang,admin,0
update_stok,453,129557,sore,staff,0
kirim_barang,481,290220,sore,staff,0
hapus_data,593,254317,pagi,intern,2
kirim_barang,396,196877,sore,staff,0
hapus_data,278,307749,malam,staff,2
hapus_data,850,347709,sore,intern,2
update_stok,364,482725,siang,staff,0
update_stok,330,302265,sore,staff,0
set_harga,640,459317,pagi,intern,0
update_stok,343,294577,siang,intern,0
set_harga,821,44309,siang,admin,0
set_harga,454,330612,pagi,intern,0
set_harga,600,438470,malam,admin,0
set_harga,724,330437,siang,staff,0
set_harga,654,359402,malam,intern,2
kirim_barang,64,432069,siang,intern,1
update_stok,75,301549,siang,intern,0
set_harga,710,460868,malam,staff,1
hapus_data,142,44527,siang,admin,0
update_stok,916,340371,malam,staff,1
update_stok,914,394708,pagi,staff,0
set_harga,827,225490,malam,intern,2
kirim_barang,604,140883,pagi,admin,0
set_harga,472,94344,siang,staff,0
kirim_barang,416,156344,malam,intern,0
hapus_data,304,488151,siang,staff,2
update_stok,735,466226,malam,staff,1
hapus_data,496,224564,pagi,intern,2
kirim_barang,290,48153,pagi,intern,0
kirim_barang,939,109042,malam,admin,0
hapus_data,101,55110,pagi,staff,2
kirim_barang,985,146051,siang,intern,0
hapus_data,266,242131,siang,intern,2
update_stok,866,240173,sore,admin,0
hapus_data,967,29328,pagi,admin,0
update_stok,621,113911,siang,intern,0
hapus_data,973,276011,malam,admin,0
kirim_barang,841,60234,pagi,intern,0
hapus_data,961,288995,siang,staff,2
kirim_barang,941,294423,pagi,admin,0
hapus_data,776,249503,malam,staff,2
hapus_data,2,228135,siang,staff,2
set_harga,84,74402,sore,staff,0
kirim_barang,793,278593,sore,intern,0
set_harga,327,339365,pagi,staff,0
kirim_barang,815,352224,malam,staff,1
set_harga,449,6451,siang,staff,0
update_stok,453,88178,malam,intern,0
hapus_data,923,435532,siang,staff,2
kirim_barang,628,457280,pagi,staff,0
kirim_barang,220,326905,siang,admin,0
hapus_data,153,237562,malam,intern,2
kirim_barang,664,302014,malam,staff,1
kirim_barang,11,359710,pagi,admin,2
set_harga,132,386893,malam,intern,2
kirim_barang,993,124765,siang,intern,0
update_stok,303,388025,pagi,intern,0
update_stok,292,425089,siang,intern,0
hapus_data,974,129389,malam,intern,2
kirim_barang,299,190699,pagi,intern,0
hapus_data,739,198227,siang,staff,2
update_stok,782,493402,malam,staff,1
kirim_barang,42,288516,malam,staff,1
kirim_barang,943,266786,sore,staff,0
hapus_data,342,261220,malam,admin,0
update_stok,325,422217,siang,staff,0
kirim_barang,813,297208,pagi,intern,0
hapus_data,497,226898,sore,staff,2
update_stok,363,277266,malam,staff,1
hapus_data,890,419036,malam,intern,2
set_harga,426,69431,malam,staff,1
kirim_barang,20,56745,siang,staff,1
set_harga,406,51081,sore,staff,0
update_stok,618,465118,siang,admin,0
set_harga,335,402927,sore,staff,0
set_harga,814,217204,pagi,intern,0
update_stok,116,413009,siang,intern,2
hapus_data,123,402415,siang,staff,2
set_harga,398,77253,pagi,staff,0
hapus_data,792,299335,sore,staff,2
set_harga,803,273355,malam,intern,2
hapus_data,714,112086,pagi,intern,2
update_stok,50,457285,malam,admin,0
set_harga,782,483112,malam,admin,1
update_stok,323,450962,pagi,admin,0
set_harga,788,415758,sore,intern,0
update_stok,140,425528,malam,admin,0
update_stok,469,439458,pagi,staff,0
set_harga,786,365115,siang,staff,0
set_harga,801,94783,siang,intern,0
set_harga,333,126681,siang,admin,0
kirim_barang,892,88893,pagi,staff,0
hapus_data,963,449604,siang,intern,2
kirim_barang,372,159763,malam,admin,0
kirim_barang,563,78960,siang,staff,0
update_stok,493,347532,siang,admin,0
set_harga,538,23601,malam,intern,2
hapus_data,668,412236,siang,admin,0
update_stok,750,140227,malam,intern,0
kirim_barang,155,201191,siang,admin,0
set_harga,290,475267,malam,staff,1
update_stok,647,168849,siang,intern,0
set_harga,143,282854,malam,intern,2
update_stok,105,371858,pagi,intern,0
set_harga,419,156604,malam,admin,0
kirim_barang,669,129727,siang,admin,0
hapus_data,657,412817,siang,staff,2
kirim_barang,1,64227,sore,intern,2
hapus_data,944,137039,malam,intern,2
set_harga,588,85289,pagi,admin,0
update_stok,643,152094,malam,admin,0
kirim_barang,89,437679,malam,staff,1
hapus_data,344,206743,pagi,staff,2
kirim_barang,349,268866,malam,admin,0
hapus_data,458,159485,pagi,intern,2
kirim_barang,262,486988,pagi,staff,0
hapus_data,350,344194,malam,admin,0
hapus_data,107,234820,malam,admin,0
set_harga,585,237994,siang,intern,0
hapus_data,38,480083,siang,admin,0
set_harga,908,346740,sore,admin,0
hapus_data,158,329876,sore,staff,2
update_stok,582,406513,malam,admin,0
update_stok,958,69323,pagi,admin,0
update_stok,311,286960,sore,staff,0
hapus_data,240,41695,malam,intern,1
set_harga,937,413918,sore,intern,0
set_harga,444,419458,pagi,staff,0
hapus_data,297,56841,malam,staff,2
update_stok,951,391642,pagi,intern,0
update_stok,35,199784,malam,intern,0
set_harga,83,479879,sore,intern,0
update_stok,451,108096,siang,intern,0
kirim_barang,885,93764,sore,intern,0
set_harga,774,447790,sore,staff,0
update_stok,821,86744,siang,admin,0
set_harga,384,291626,siang,intern,0
kirim_barang,171,10171,malam,intern,0
set_harga,375,101755,malam,admin,0
set_harga,684,493148,pagi,admin,0
set_harga,361,109125,pagi,admin,0
set_harga,558,393866,sore,admin,0
kirim_barang,890,369226,siang,admin,0
hapus_data,140,4696,pagi,admin,0
set_harga,886,127310,sore,staff,0
set_harga,917,414274,siang,admin,0
update_stok,117,152385,malam,admin,1
set_harga,276,282293,sore,staff,0
update_stok,725,393208,malam,admin,0
hapus_data,219,316665,pagi,intern,2
kirim_barang,904,46740,pagi,intern,0
kirim_barang,25,107611,siang,admin,1
hapus_data,520,399172,sore,staff,2
kirim_barang,782,469947,malam,intern,0
hapus_data,9,476828,siang,staff,2
hapus_data,983,249922,pagi,intern,2
hapus_data,377,329785,pagi,admin,0
kirim_barang,632,64811,sore,staff,0
update_stok,636,446376,malam,staff,1
hapus_data,681,183385,sore,staff,2
set_harga,583,64232,malam,intern,2
kirim_barang,151,278561,malam,intern,0
hapus_data,719,156801,sore,intern,2
hapus_data,48,113492,siang,admin,0
set_harga,153,31099,sore,intern,0
update_stok,858,230206,sore,admin,0
update_stok,292,424177,pagi,staff,0
update_stok,579,406818,pagi,staff,0
hapus_data,49,119474,sore,admin,0
hapus_data,663,272400,sore,intern,1
hapus_data,530,480336,pagi,admin,0
kirim_barang,611,244588,malam,staff,1
set_harga,59,35681,sore,staff,0
hapus_data,166,92328,siang,admin,0
set_harga,201,219512,siang,intern,0
set_harga,856,459005,siang,intern,0
update_stok,145,306505,sore,admin,0
kirim_barang,914,458719,malam,admin,0
hapus_data,675,35540,malam,intern,2
update_stok,969,158608,pagi,staff,0
update_stok,992,85700,sore,admin,0
hapus_data,438,457259,malam,intern,2
set_harga,241,341676,sore,intern,0
update_stok,580,188647,pagi,staff,0
set_harga,686,390770,pagi,staff,0
kirim_barang,560,397087,pagi,staff,0
set_harga,482,47002,siang,staff,0
kirim_barang,107,50812,sore,staff,0
set_harga,225,416842,pagi,admin,0
update_stok,672,192051,sore,intern,0
update_stok,630,470273,siang,admin,0
kirim_barang,660,258906,siang,admin,0
hapus_data,976,109946,pagi,admin,0
kirim_barang,661,67668,pagi,admin,0
kirim_barang,431,100003,malam,admin,0
set_harga,804,212142,sore,staff,0
set_harga,654,221462,pagi,staff,0
kirim_barang,418,306142,malam,intern,0
update_stok,987,195886,sore,admin,0
set_harga,454,105601,pagi,intern,0
hapus_data,159,439823,malam,staff,2
set_harga,522,270956,malam,staff,2
set_harga,649,62844,sore,staff,0
hapus_data,968,202165,malam,admin,0
kirim_barang,589,396395,sore,admin,0
hapus_data,76,175870,sore,staff,2
kirim_barang,508,75601,sore,intern,0
kirim_barang,440,402491,siang,intern,0
kirim_barang,253,444790,malam,staff,1
hapus_data,920,311001,sore,intern,2
kirim_barang,769,388699,pagi,staff,0
update_stok,319,495700,siang,intern,0
hapus_data,802,283844,siang,staff,2
update_stok,262,258927,malam,intern,0
kirim_barang,596,433680,sore,admin,0
set_harga,657,174423,malam,staff,1
kirim_barang,834,94330,siang,staff,0
update_stok,553,226391,sore,intern,0
update_stok,373,214606,pagi,staff,0
hapus_data,636,408085,sore,staff,2
set_harga,166,192387,siang,staff,0
hapus_data,936,242133,pagi,admin,0
update_stok,752,487904,sore,admin,0
kirim_barang,458,415170,pagi,intern,0
set_harga,998,163627,pagi,admin,0
kirim_barang,279,326497,siang,intern,0
kirim_barang,699,476406,pagi,admin,0
set_harga,301,439242,malam,intern,2
hapus_data,530,363916,siang,admin,0
kirim_barang,579,179048,malam,admin,0
update_stok,217,474794,pagi,intern,0
kirim_barang,101,354646,malam,staff,1
set_harga,553,377087,sore,staff,0
set_harga,287,372994,pagi,admin,0
set_harga,166,46095,sore,intern,0
hapus_data,620,146342,malam,staff,2
kirim_barang,35,162980,sore,intern,1
hapus_data,743,278667,pagi,staff,2
hapus_data,740,63433,sore,intern,2
set_harga,352,441284,malam,admin,0
set_harga,675,20991,malam,intern,2
hapus_data,898,273919,malam,staff,2
kirim_barang,72,472017,pagi,admin,2
update_stok,647,348139,malam,intern,0
hapus_data,352,455466,pagi,staff,2
kirim_barang,890,148745,sore,admin,0
set_harga,69,123808,malam,intern,2
set_harga,424,159128,sore,staff,0
kirim_barang,998,138686,siang,intern,0
update_stok,707,495772,sore,intern,0
set_harga,780,8415,siang,admin,0
set_harga,560,482907,sore,admin,0
set_harga,827,247038,pagi,staff,0
kirim_barang,641,438100,sore,admin,0
hapus_data,955,411180,pagi,staff,2
set_harga,516,431942,pagi,intern,0
hapus_data,427,255205,malam,intern,2
update_stok,538,300188,pagi,staff,0
set_harga,159,189221,siang,intern,0
set_harga,148,169616,malam,admin,0
update_stok,775,50976,malam,intern,0
set_harga,229,426468,sore,admin,0
hapus_data,711,266976,pagi,staff,2
kirim_barang,561,222883,pagi,staff,0
hapus_data,66,212509,siang,intern,2
kirim_barang,811,497965,sore,intern,0
kirim_barang,380,297292,sore,admin,0
hapus_data,57,455456,malam,admin,0
hapus_data,258,240241,malam,intern,2
hapus_data,341,220526,malam,intern,2
hapus_data,837,375374,siang,staff,2
update_stok,129,348220,siang,staff,0
set_harga,726,471332,malam,staff,1
kirim_barang,171,447675,sore,intern,0
hapus_data,769,301546,siang,intern,2
hapus_data,613,189799,sore,intern,2
hapus_data,208,39578,sore,staff,2
update_stok,802,91453,pagi,intern,0
hapus_data,353,416534,malam,admin,0
hapus_data,470,338859,pagi,intern,2
hapus_data,797,209859,malam,intern,2
set_harga,115,112435,malam,intern,2
update_stok,263,217101,sore,intern,0
hapus_data,661,152538,malam,intern,2
kirim_barang,811,358886,sore,admin,0
kirim_barang,441,46475,sore,admin,0
kirim_barang,547,323286,malam,intern,0
update_stok,452,217232,sore,staff,0
update_stok,844,158636,sore,intern,0
kirim_barang,476,154484,sore,intern,0
hapus_data,286,94526,siang,intern,2
update_stok,302,52001,sore,staff,0
kirim_barang,310,320793,siang,staff,0
kirim_barang,207,193029,siang,staff,0
hapus_data,617,429733,sore,admin,0
set_harga,445,145228,sore,staff,0
update_stok,669,417280,siang,admin,0
hapus_data,632,26711,siang,admin,0
kirim_barang,54,31106,sore,staff,1
kirim_barang,911,328602,sore,staff,0
hapus_data,11,410805,malam,staff,2
update_stok,656,483488,siang,admin,0
set_harga,399,393573,siang,intern,0
set_harga,907,218583,malam,staff,1
kirim_barang,647,364898,siang,staff,0
update_stok,979,139286,pagi,staff,0
set_harga,514,228189,siang,admin,0
update_stok,655,479947,malam,admin,0
update_stok,541,127479,pagi,intern,0
kirim_barang,236,421343,sore,staff,0
set_harga,278,137213,malam,admin,0
hapus_data,347,29884,malam,intern,2
kirim_barang,626,484637,sore,staff,0
set_harga,103,265852,malam,admin,0
set_harga,629,281519,siang,staff,0
set_harga,516,16088,sore,staff,0
set_harga,979,320759,malam,admin,0
set_harga,871,373282,sore,admin,0
update_stok,247,177118,sore,admin,0
kirim_barang,363,273158,sore,staff,0
update_stok,320,196497,pagi,staff,0
hapus_data,632,397489,malam,intern,2
set_harga,285,179207,pagi,staff,0
kirim_barang,148,365986,malam,admin,0
set_harga,83,425097,siang,staff,0
kirim_barang,965,491238,siang,intern,0
update_stok,405,79077,siang,intern,0
kirim_barang,977,140784,malam,admin,0
hapus_data,455,206776,sore,admin,0
hapus_data,742,316018,sore,intern,1
kirim_barang,799,70087,pagi,intern,0
kirim_barang,160,275441,pagi,intern,0
kirim_barang,783,241341,siang,admin,0
kirim_barang,459,290272,pagi,intern,0
hapus_data,549,69368,malam,intern,2
set_harga,499,488235,malam,admin,0
kirim_barang,737,481815,pagi,staff,0
kirim_barang,508,220571,pagi,staff,0
hapus_data,653,342102,pagi,intern,2
hapus_data,803,296064,pagi,staff,2
update_stok,480,252514,siang,staff,0
kirim_barang,662,405372,siang,staff,0
update_stok,113,143180,pagi,staff,0
hapus_data,748,426061,malam,intern,2
hapus_data,577,397016,siang,staff,2
set_harga,360,260904,malam,staff,1
kirim_barang,340,497830,sore,admin,0
update_stok,769,436928,malam,intern,0
hapus_data,986,396826,pagi,admin,0
hapus_data,760,78603,sore,admin,0
update_stok,968,34872,siang,intern,0
set_harga,448,273872,siang,staff,0
hapus_data,842,358246,sore,admin,0
kirim_barang,834,489535,malam,intern,0
hapus_data,179,385193,siang,staff,2
kirim_barang,701,283727,pagi,intern,0
update_stok,406,86774,sore,admin,0
kirim_barang,665,401479,pagi,staff,0
update_stok,195,389518,sore,staff,0
kirim_barang,465,199522,siang,intern,0
update_stok,310,221357,malam,staff,1
kirim_barang,261,413672,sore,admin,0
set_harga,418,354262,sore,admin,0
kirim_barang,405,66942,pagi,admin,0
kirim_barang,938,14689,siang,intern,0
set_harga,142,427150,pagi,staff,0
hapus_data,341,34276,siang,staff,2
hapus_data,315,102968,pagi,staff,2
kirim_barang,100,414089,sore,admin,1
set_harga,243,276194,pagi,staff,0
kirim_barang,489,67216,malam,admin,0
update_stok,11,216516,siang,staff,0
update_stok,238,347184,siang,admin,0
kirim_barang,560,22644,sore,staff,0
hapus_data,41,63021,siang,intern,2
hapus_data,677,169197,malam,intern,2
kirim_barang,593,461115,pagi,admin,2
kirim_barang,428,43291,sore,admin,0
update_stok,802,429276,malam,staff,1
hapus_data,157,395754,siang,staff,2
kirim_barang,215,430392,siang,intern,0
update_stok,669,304664,malam,staff,1
hapus_data,461,26675,pagi,admin,0
set_harga,133,150359,pagi,admin,0
update_stok,66,263318,sore,admin,0
hapus_data,847,93268,siang,admin,0
hapus_data,6,298142,malam,admin,0
update_stok,947,496807,pagi,intern,0
set_harga,525,185384,sore,intern,0
update_stok,72,406328,siang,admin,0
hapus_data,398,106410,siang,staff,2
kirim_barang,404,338369,sore,admin,2
kirim_barang,674,307958,sore,intern,1
update_stok,577,348235,pagi,admin,0
hapus_data,858,313863,malam,intern,2
kirim_barang,129,130887,siang,intern,0
hapus_data,930,297063,malam,admin,0
update_stok,465,336299,siang,admin,0
kirim_barang,205,334713,siang,staff,0
hapus_data,787,304472,malam,intern,2
kirim_barang,977,202554,sore,staff,0
update_stok,767,287762,pagi,admin,0
hapus_data,265,35675,siang,intern,2
kirim_barang,536,496010,sore,staff,0
update_stok,961,282063,siang,staff,0
kirim_barang,792,267317,pagi,staff,0
kirim_barang,252,372513,siang,admin,0
set_harga,821,289544,pagi,admin,0
set_harga,288,182517,pagi,admin,0
update_stok,163,71305,siang,intern,0
set_harga,94,169636,siang,admin,0
update_stok,781,440030,pagi,intern,0
set_harga,832,473963,sore,staff,0
kirim_barang,109,89791,malam,staff,1
update_stok,335,160034,pagi,admin,0
update_stok,821,479108,siang,staff,0
kirim_barang,237,480058,siang,admin,0
update_stok,380,71533,sore,intern,0
update_stok,435,188256,malam,staff,1
set_harga,898,477128,pagi,admin,0
update_stok,482,366735,pagi,staff,0
hapus_data,936,142650,malam,staff,2
kirim_barang,901,132060,pagi,admin,0
set_harga,24,150696,malam,staff,1
set_harga,652,302338,siang,staff,0
hapus_data,116,373047,malam,staff,2
kirim_barang,481,394605,pagi,staff,0
kirim_barang,391,362447,malam,intern,0
set_harga,916,243188,sore,staff,0
update_stok,993,377047,siang,staff,0
set_harga,963,330535,siang,admin,0
kirim_barang,536,238501,malam,intern,2
hapus_data,78,408010,pagi,admin,0
set_harga,579,321146,sore,admin,0
kirim_barang,172,298675,siang,admin,0
set_harga,955,184887,siang,intern,0
update_stok,11,5986,pagi,admin,0
set_harga,799,295442,pagi,admin,0
set_harga,127,264625,sore,admin,0
kirim_barang,607,319552,malam,staff,1
kirim_barang,91,201339,pagi,admin,1
kirim_barang,652,122950,malam,intern,0
set_harga,542,411051,sore,intern,0
update_stok,845,126355,malam,staff,1
hapus_data,531,28798,siang,intern,2
hapus_data,657,92649,malam,intern,2
kirim_barang,988,328031,sore,staff,1
kirim_barang,827,20477,sore,admin,0
set_harga,446,411482,sore,staff,0
hapus_data,389,218400,malam,admin,0
kirim_barang,671,218060,siang,admin,1
update_stok,860,390959,pagi,intern,0
update_stok,42,437742,siang,staff,0
kirim_barang,253,390570,malam,intern,0
kirim_barang,129,406105,malam,intern,0
hapus_data,59,287479,pagi,admin,0
hapus_data,662,405470,malam,intern,2
set_harga,466,349754,sore,staff,0
hapus_data,286,274586,sore,intern,2
update_stok,516,309433,sore,intern,0
update_stok,466,316891,sore,admin,0
kirim_barang,929,300471,sore,staff,0
hapus_data,777,410415,malam,intern,2
set_harga,344,335971,pagi,admin,0
update_stok,641,107464,pagi,intern,0
update_stok,381,132184,sore,staff,0
set_harga,778,88051,malam,intern,2
set_harga,689,151653,siang,intern,0
update_stok,252,246300,siang,admin,0
update_stok,926,60722,malam,intern,0
set_harga,55,93036,sore,admin,0
update_stok,462,229634,pagi,staff,0
kirim_barang,456,148595,malam,intern,0
kirim_barang,982,330104,siang,staff,0
set_harga,82,249709,siang,staff,0
hapus_data,904,282696,siang,intern,2
set_harga,98,142880,sore,admin,0
set_harga,148,236419,siang,staff,0
hapus_data,328,466741,malam,staff,2
hapus_data,155,155692,malam,intern,2
hapus_data,189,498781,siang,intern,2
kirim_barang,493,264031,malam,intern,0
update_stok,882,294946,siang,intern,0
kirim_barang,262,86024,siang,intern,0
update_stok,79,489765,pagi,intern,0
kirim_barang,399,246809,sore,admin,2
update_stok,763,119639,sore,staff,0
kirim_barang,608,381392,pagi,admin,0
hapus_data,259,82938,pagi,admin,0
set_harga,771,218813,sore,intern,0
kirim_barang,614,253100,siang,staff,0
update_stok,551,385890,siang,admin,0
hapus_data,784,289193,sore,intern,2
kirim_barang,100,340933,siang,intern,0
kirim_barang,358,85526,pagi,staff,0
hapus_data,379,402062,siang,admin,0
kirim_barang,819,484779,siang,admin,0
set_harga,220,498952,malam,admin,0
kirim_barang,819,47220,malam,intern,0
set_harga,419,309307,malam,staff,1
set_harga,123,397981,siang,staff,0
hapus_data,421,380270,sore,admin,0
kirim_barang,230,344630,pagi,intern,0
hapus_data,689,439486,siang,admin,0
kirim_barang,62,76277,sore,staff,1
kirim_barang,484,482494,siang,intern,0
update_stok,627,484455,pagi,admin,0
kirim_barang,702,367389,siang,admin,0
hapus_data,573,123332,pagi,intern,2
set_harga,767,235231,siang,staff,0
kirim_barang,482,23931,pagi,intern,0
update_stok,518,90116,siang,admin,0
hapus_data,154,252671,pagi,admin,0
kirim_barang,91,318777,malam,admin,1
hapus_data,981,474918,siang,admin,0
update_stok,525,52913,siang,staff,0
update_stok,454,251216,sore,staff,0
hapus_data,740,95776,sore,admin,0
kirim_barang,597,26991,pagi,staff,0
set_harga,644,186917,siang,staff,0
update_stok,509,105092,pagi,staff,0
kirim_barang,182,230577,malam,admin,0
kirim_barang,385,187384,sore,intern,0
set_harga,573,404777,pagi,intern,0
update_stok,730,411117,pagi,intern,0
update_stok,404,238113,sore,admin,0
kirim_barang,245,96556,siang,staff,0
kirim_barang,741,326019,pagi,staff,0
set_harga,590,157989,sore,admin,0
set_harga,660,325264,siang,admin,0
update_stok,649,396204,malam,intern,0
hapus_data,470,373185,sore,intern,2
update_stok,825,129467,pagi,admin,0
kirim_barang,887,408472,malam,intern,0
update_stok,422,381634,siang,staff,0
hapus_data,900,219800,siang,admin,0
set_harga,64,127155,sore,admin,0
hapus_data,12,291374,sore,staff,2
hapus_data,212,499682,sore,staff,2
hapus_data,985,60778,siang,staff,2
set_harga,241,46833,malam,intern,2
hapus_data,492,285769,siang,admin,0
hapus_data,212,33088,pagi,intern,2
hapus_data,692,211722,siang,staff,2
kirim_barang,337,435383,pagi,intern,0
hapus_data,996,367081,malam,staff,2
set_harga,172,465507,sore,intern,0
hapus_data,671,197375,sore,intern,2
hapus_data,163,77361,siang,staff,2
set_harga,464,351373,sore,intern,0
hapus_data,994,136189,malam,admin,0
set_harga,496,91265,sore,intern,0
hapus_data,699,98718,siang,intern,2
set_harga,394,323854,malam,admin,0
hapus_data,702,488642,pagi,staff,2
hapus_data,916,95876,siang,admin,0
kirim_barang,307,461270,pagi,intern,0
kirim_barang,767,31949,malam,staff,1
hapus_data,182,416763,siang,intern,2
hapus_data,628,213954,siang,intern,2
update_stok,793,331280,malam,admin,0
set_harga,509,112541,sore,admin,0
update_stok,707,196691,siang,staff,0
kirim_barang,545,62842,siang,staff,0
kirim_barang,563,489019,pagi,staff,0
kirim_barang,623,233930,sore,intern,0
kirim_barang,763,290134,pagi,admin,0
hapus_data,593,148265,pagi,admin,0
kirim_barang,743,293253,sore,admin,0
hapus_data,226,131356,sore,staff,2
hapus_data,744,413449,malam,admin,0
kirim_barang,732,245629,sore,admin,0
kirim_barang,435,213802,siang,admin,0
set_harga,924,391277,sore,staff,0
update_stok,421,166582,malam,admin,0
kirim_barang,553,264450,malam,staff,1
set_harga,20,4849,malam,admin,0
set_harga,553,13360,sore,admin,0
update_stok,396,374216,sore,admin,0
hapus_data,624,254279,pagi,staff,2
kirim_barang,104,95767,pagi,staff,0
update_stok,191,262445,siang,admin,0
kirim_barang,16,177872,pagi,intern,2
set_harga,119,431179,siang,staff,0
set_harga,392,55330,malam,staff,1
hapus_data,424,52707,pagi,admin,0
set_harga,128,281833,sore,intern,0
set_harga,129,30084,pagi,admin,0
update_stok,571,41387,siang,staff,0
kirim_barang,559,337960,pagi,staff,0
kirim_barang,28,3642,malam,admin,1
update_stok,96,305281,sore,admin,0
hapus_data,9,474048,siang,intern,2
kirim_barang,241,187633,sore,intern,0
set_harga,825,325404,sore,staff,0
kirim_barang,955,147510,siang,intern,0
set_harga,231,311586,sore,intern,0
hapus_data,788,366205,sore,staff,2
update_stok,283,397210,pagi,staff,0
kirim_barang,714,255511,sore,staff,0
update_stok,758,388988,sore,staff,0
kirim_barang,801,362719,sore,admin,2
set_harga,775,264957,sore,staff,0
update_stok,954,356171,siang,staff,0
kirim_barang,725,386633,malam,staff,1
set_harga,199,85381,pagi,intern,0
update_stok,944,250880,sore,staff,0
update_stok,78,318420,sore,admin,0
kirim_barang,912,304387,siang,admin,0
kirim_barang,955,194984,malam,staff,1
kirim_barang,854,61272,sore,admin,0
set_harga,855,496916,siang,intern,0
kirim_barang,172,174123,pagi,staff,0
update_stok,466,473070,pagi,admin,0
update_stok,580,214808,sore,admin,0
kirim_barang,415,254091,sore,staff,0
kirim_barang,939,328762,malam,admin,0
hapus_data,448,265064,malam,staff,2
update_stok,86,107121,sore,admin,0
set_harga,100,471435,siang,intern,0
hapus_data,7,77872,malam,admin,0
kirim_barang,844,344276,sore,admin,0
kirim_barang,199,265237,malam,staff,1
update_stok,504,276049,sore,admin,0
kirim_barang,86,122759,pagi,staff,1
set_harga,42,418567,sore,intern,0
update_stok,384,294125,pagi,staff,0
kirim_barang,620,337047,malam,staff,1
update_stok,434,333965,sore,admin,0
kirim_barang,407,372344,malam,intern,0
kirim_barang,482,497457,pagi,staff,0
kirim_barang,663,83289,sore,admin,0
set_harga,16,117506,malam,admin,0
set_harga,644,478237,pagi,staff,0
update_stok,147,79513,malam,admin,0
kirim_barang,276,414090,siang,staff,0
kirim_barang,231,183003,pagi,staff,0
set_harga,825,401890,pagi,staff,0
kirim_barang,926,313660,pagi,intern,0
set_harga,365,260480,sore,staff,0
kirim_barang,227,263043,sore,admin,0
update_stok,650,488790,sore,intern,0
kirim_barang,435,192758,siang,admin,0
kirim_barang,398,489067,siang,intern,0
hapus_data,210,332356,pagi,intern,2
set_harga,390,134498,siang,intern,0
kirim_barang,498,255024,malam,intern,0
kirim_barang,539,131970,pagi,admin,0
hapus_data,562,91009,pagi,staff,2
hapus_data,490,200570,malam,admin,0
set_harga,441,424159,pagi,staff,0
hapus_data,260,198467,siang,admin,0
update_stok,772,45816,sore,intern,0
hapus_data,349,5138,malam,intern,2
update_stok,351,494944,siang,staff,1
set_harga,519,92176,malam,staff,1
set_harga,319,339089,malam,admin,0
set_harga,137,267161,pagi,staff,0
set_harga,549,273595,pagi,admin,0
set_harga,622,195028,siang,staff,0
update_stok,991,357007,malam,staff,1
update_stok,367,273422,pagi,staff,0
set_harga,219,222552,pagi,intern,0
hapus_data,336,44764,malam,intern,2
kirim_barang,222,124030,siang,admin,0
set_harga,647,395350,siang,staff,0
hapus_data,767,326087,malam,admin,0
kirim_barang,359,96667,siang,staff,0
set_harga,920,317462,pagi,intern,0
set_harga,328,366567,malam,intern,2
update_stok,961,367142,pagi,staff,0
kirim_barang,462,61128,sore,staff,0
kirim_barang,945,220128,sore,intern,0
hapus_data,962,285013,siang,intern,2
update_stok,560,234540,sore,admin,0
update_stok,803,6039,pagi,intern,0
update_stok,381,153353,sore,staff,0
update_stok,835,113935,pagi,admin,0
kirim_barang,589,11442,siang,staff,0
kirim_barang,616,336932,siang,admin,1
set_harga,168,382873,pagi,staff,0
set_harga,216,290730,sore,intern,0
update_stok,377,54053,siang,staff,0
update_stok,118,182561,malam,admin,0
update_stok,189,215176,siang,staff,0
set_harga,766,87346,sore,admin,0
hapus_data,369,330231,malam,staff,2
hapus_data,777,406841,sore,intern,2
set_harga,148,35397,pagi,intern,0
set_harga,675,321815,malam,staff,1
set_harga,651,117214,sore,staff,0
set_harga,858,486001,malam,staff,1
set_harga,487,330041,sore,admin,0
set_harga,769,158221,malam,staff,1
update_stok,373,454246,sore,staff,0
update_stok,780,464122,pagi,admin,0
update_stok,692,399499,malam,intern,0
update_stok,159,401826,malam,staff,1
set_harga,350,437542,malam,staff,1
hapus_data,911,278068,malam,intern,2
kirim_barang,287,114143,pagi,intern,0
set_harga,287,373397,malam,admin,0
kirim_barang,891,470378,siang,staff,0
hapus_data,225,363441,pagi,staff,2
update_stok,522,264013,siang,admin,0
hapus_data,521,360232,malam,intern,2
set_harga,782,264158,sore,admin,0
update_stok,272,11103,siang,intern,0
set_harga,935,476738,malam,admin,0
update_stok,401,373461,siang,intern,0
kirim_barang,182,490223,malam,admin,0
kirim_barang,968,427674,malam,intern,0
kirim_barang,664,484821,malam,intern,0
hapus_data,487,83409,sore,intern,2
set_harga,826,24248,siang,intern,0
hapus_data,845,483376,pagi,intern,2
kirim_barang,123,175588,pagi,staff,0
set_harga,984,423277,pagi,intern,0
kirim_barang,625,156242,pagi,staff,0
hapus_data,789,9024,malam,intern,2
hapus_data,413,476430,siang,staff,2
hapus_data,979,235864,siang,staff,2
kirim_barang,724,349091,sore,admin,0
set_harga,171,175875,siang,intern,0
set_harga,287,413512,siang,admin,0
kirim_barang,434,354973,siang,admin,0
set_harga,685,355852,sore,intern,0
kirim_barang,112,349808,pagi,admin,0
set_harga,887,412473,siang,intern,0
update_stok,916,144927,sore,admin,0
update_stok,994,86178,sore,intern,0
hapus_data,121,364265,malam,intern,2
update_stok,543,283169,sore,intern,0
update_stok,221,398674,pagi,staff,0
update_stok,630,64610,siang,admin,0
kirim_barang,38,71843,sore,staff,1
update_stok,496,108237,pagi,admin,0
update_stok,779,478177,sore,admin,0
hapus_data,232,181903,sore,admin,0
update_stok,942,175499,sore,staff,0
update_stok,529,488025,sore,admin,0
set_harga,148,131299,sore,staff,0
hapus_data,396,432722,pagi,intern,2
hapus_data,660,6668,siang,admin,0
hapus_data,637,223542,siang,admin,0
hapus_data,903,179267,siang,intern,2
hapus_data,301,336377,siang,intern,2
hapus_data,359,156489,pagi,admin,0
kirim_barang,237,345126,malam,intern,0
update_stok,646,107133,malam,staff,1
hapus_data,662,273895,pagi,staff,2
update_stok,235,309362,pagi,admin,0
update_stok,735,389793,sore,staff,0
kirim_barang,202,270496,sore,staff,0
hapus_data,255,211124,sore,admin,0
set_harga,597,89835,siang,intern,0
kirim_barang,661,98493,sore,admin,0
set_harga,234,292071,malam,staff,1
update_stok,344,173166,siang,admin,0
update_stok,533,102948,sore,admin,0
kirim_barang,859,186194,siang,staff,0
kirim_barang,796,30493,malam,staff,1
set_harga,780,486463,sore,admin,0
hapus_data,465,467755,malam,staff,2
set_harga,769,294851,malam,staff,1
kirim_barang,540,200886,malam,staff,1
set_harga,212,139368,sore,staff,0
kirim_barang,462,157470,pagi,staff,0
set_harga,435,298986,sore,staff,0
kirim_barang,282,14261,malam,intern,0
kirim_barang,561,77709,sore,admin,0
kirim_barang,606,96985,malam,staff,1
hapus_data,462,369760,pagi,admin,0
set_harga,406,450920,siang,intern,0
set_harga,87,330317,pagi,staff,0
set_harga,43,294925,pagi,admin,0
kirim_barang,460,276796,siang,staff,0
set_harga,277,268247,sore,staff,0
set_harga,682,288644,siang,staff,0
kirim_barang,420,247404,sore,staff,0
update_stok,700,101336,sore,staff,0
kirim_barang,352,429745,malam,staff,1
set_harga,695,114499,malam,staff,2
kirim_barang,514,150524,siang,intern,0
update_stok,702,312537,pagi,intern,1
kirim_barang,629,425390,siang,staff,0
set_harga,18,458666,sore,staff,0
update_stok,22,167508,malam,intern,0
hapus_data,412,310550,siang,intern,2
set_harga,29,326203,siang,intern,0
update_stok,806,148026,malam,staff,1
update_stok,107,345866,malam,admin,0
hapus_data,366,251819,malam,admin,0
kirim_barang,280,13356,sore,admin,0
kirim_barang,127,129128,malam,admin,0
set_harga,228,492715,pagi,staff,0
hapus_data,110,3187,siang,admin,0
kirim_barang,135,340387,malam,intern,0
hapus_data,361,298242,malam,intern,2
kirim_barang,185,486687,sore,admin,2
update_stok,655,153297,sore,intern,0
kirim_barang,583,135678,siang,staff,0
hapus_data,128,320764,pagi,admin,0
update_stok,875,427044,siang,admin,0
update_stok,260,127270,malam,staff,1
update_stok,514,420705,pagi,intern,0
hapus_data,448,277531,pagi,staff,2
set_harga,899,332607,pagi,staff,0
set_harga,103,466048,pagi,intern,0
set_harga,482,490196,siang,staff,0
hapus_data,223,243998,sore,intern,2
update_stok,831,396807,sore,intern,0
set_harga,873,242503,malam,staff,1
hapus_data,865,442732,sore,intern,2
set_harga,490,354827,sore,staff,1
kirim_barang,472,63061,sore,intern,0
set_harga,9,236497,sore,admin,0
set_harga,404,460952,malam,intern,2
update_stok,895,82257,siang,intern,0
hapus_data,301,62753,pagi,staff,2
update_stok,230,347918,sore,intern,0
update_stok,730,405303,siang,admin,0
update_stok,922,425032,sore,admin,0
update_stok,65,24408,sore,intern,0
update_stok,936,125116,pagi,intern,0
set_harga,111,499492,pagi,admin,0
update_stok,12,132208,pagi,staff,0
update_stok,392,18413,sore,admin,0
hapus_data,499,114650,sore,admin,0
kirim_barang,931,60500,sore,intern,0
set_harga,597,347658,pagi,intern,0
set_harga,233,57358,malam,admin,0
set_harga,601,67197,siang,staff,0
update_stok,313,494992,malam,admin,0
update_stok,565,224861,sore,admin,1
update_stok,11,224492,sore,staff,0
hapus_data,208,262545,malam,admin,0
kirim_barang,973,427070,sore,admin,0
update_stok,13,77240,siang,intern,0
kirim_barang,632,236595,sore,staff,0
hapus_data,417,222135,siang,intern,2
set_harga,436,279466,malam,intern,2
update_stok,376,376197,malam,staff,1
kirim_barang,19,7968,sore,staff,2
kirim_barang,586,290662,siang,admin,0
update_stok,911,315069,sore,intern,0
set_harga,754,191920,pagi,staff,0
set_harga,734,375044,pagi,intern,0
set_harga,69,356566,pagi,intern,0
hapus_data,823,264844,pagi,staff,2
kirim_barang,210,356926,sore,admin,0
kirim_barang,100,233076,pagi,intern,0
kirim_barang,697,24199,siang,staff,0
hapus_data,131,438805,malam,admin,0
kirim_barang,622,164187,malam,intern,0
hapus_data,380,456150,pagi,staff,2
set_harga,131,186388,pagi,intern,0
update_stok,19,6520,pagi,staff,0
kirim_barang,905,110814,sore,staff,0
kirim_barang,535,168527,malam,intern,0
set_harga,226,247356,pagi,intern,0
update_stok,153,480681,siang,staff,0
hapus_data,804,124364,pagi,admin,0
update_stok,741,435821,malam,intern,0
set_harga,468,15955,pagi,staff,0
set_harga,821,176121,malam,staff,1
update_stok,999,145989,pagi,admin,0
hapus_data,870,464509,siang,admin,0
hapus_data,404,472797,pagi,admin,0
kirim_barang,201,251144,siang,intern,0
hapus_data,37,65925,siang,staff,2
update_stok,941,370360,pagi,staff,0
set_harga,771,71269,siang,staff,0
kirim_barang,187,425170,sore,admin,0
kirim_barang,56,490887,pagi,staff,1
set_harga,940,466833,pagi,intern,0
hapus_data,19,304602,siang,admin,2
set_harga,272,352181,siang,admin,0
hapus_data,118,153185,pagi,admin,0
set_harga,582,100977,sore,admin,0
update_stok,515,484442,siang,intern,0
hapus_data,220,307083,siang,staff,2
update_stok,525,30345,malam,intern,0
kirim_barang,514,256688,sore,staff,0
set_harga,727,440529,sore,intern,0
kirim_barang,740,373251,pagi,admin,0
kirim_barang,335,385010,sore,admin,0
kirim_barang,697,486581,pagi,intern,0
kirim_barang,54,262798,malam,intern,1
set_harga,499,494814,sore,staff,0
kirim_barang,899,332310,siang,intern,0
set_harga,887,179933,malam,intern,2
set_harga,765,98406,pagi,staff,0
update_stok,535,312442,malam,staff,1
hapus_data,161,441437,pagi,staff,2
hapus_data,669,308086,malam,intern,2
set_harga,593,4453,pagi,staff,0
update_stok,914,103811,sore,admin,0
set_harga,158,55935,siang,admin,0
set_harga,187,385583,pagi,admin,0
set_harga,59,175442,malam,intern,2
update_stok,914,498148,pagi,admin,0
hapus_data,816,271472,pagi,intern,2
update_stok,318,16534,pagi,intern,0
kirim_barang,877,348424,malam,admin,0
update_stok,210,479141,siang,staff,0
update_stok,405,37320,sore,intern,0
update_stok,663,50170,siang,admin,2
update_stok,108,101546,pagi,intern,0
hapus_data,75,81201,malam,staff,2
kirim_barang,541,235473,siang,staff,0
hapus_data,313,271784,pagi,admin,0
hapus_data,997,232324,sore,intern,2
update_stok,116,485273,sore,intern,0
set_harga,926,162121,sore,intern,0
set_harga,867,399834,pagi,intern,0
hapus_data,703,234612,malam,admin,0
hapus_data,18,188125,siang,staff,1
update_stok,431,396136,sore,admin,0
hapus_data,684,307081,pagi,intern,2
update_stok,739,201796,pagi,intern,0
set_harga,349,144279,siang,staff,0
set_harga,182,197846,sore,intern,0
kirim_barang,112,165044,pagi,admin,0
set_harga,182,405015,siang,admin,0
hapus_data,480,203160,malam,staff,2
set_harga,145,423132,malam,admin,0
update_stok,830,71463,malam,admin,0
set_harga,627,94500,sore,admin,0
kirim_barang,112,208772,siang,admin,0
set_harga,762,38158,siang,intern,0
update_stok,475,85607,pagi,admin,0
update_stok,762,382783,pagi,staff,0
hapus_data,302,246017,pagi,staff,2
set_harga,970,334840,siang,admin,0
update_stok,824,324654,pagi,staff,0
kirim_barang,117,121076,siang,admin,0
hapus_data,812,59692,siang,staff,2
kirim_barang,160,131841,malam,staff,1
set_harga,400,193816,pagi,admin,0
set_harga,197,278954,malam,admin,0
set_harga,259,399342,sore,intern,0
hapus_data,659,162081,sore,admin,0
update_stok,751,493336,sore,admin,0
hapus_data,46,112718,siang,intern,2
kirim_barang,986,354076,siang,admin,0
hapus_data,398,1192,siang,admin,0
kirim_barang,709,248536,pagi,intern,0
hapus_data,558,37413,malam,admin,0
update_stok,77,144888,siang,admin,0
kirim_barang,123,40082,malam,intern,0
set_harga,74,328192,malam,intern,2
set_harga,870,124130,malam,staff,1
hapus_data,136,51940,pagi,admin,0
set_harga,601,164202,pagi,staff,0
kirim_barang,399,41142,sore,staff,0
set_harga,836,37468,sore,intern,0
update_stok,504,424914,malam,admin,0
update_stok,499,142727,sore,admin,0
hapus_data,572,179969,malam,intern,2
kirim_barang,137,424291,pagi,staff,0
update_stok,49,403575,pagi,intern,0
update_stok,770,392192,pagi,admin,0
kirim_barang,972,496413,siang,intern,0
set_harga,618,237187,malam,admin,0
set_harga,624,43056,pagi,staff,0
hapus_data,861,52831,malam,admin,0
set_harga,253,322335,sore,staff,0
kirim_barang,629,250664,sore,staff,0
update_stok,709,385092,pagi,admin,0
set_harga,848,427488,malam,admin,0
hapus_data,876,109117,pagi,staff,2
set_harga,562,277815,sore,intern,0
kirim_barang,756,290192,pagi,admin,0
hapus_data,914,470490,malam,staff,2
set_harga,425,289107,sore,staff,0
hapus_data,546,44954,siang,intern,2
kirim_barang,301,466525,sore,admin,0
update_stok,921,234192,siang,staff,0
kirim_barang,580,358574,pagi,intern,0
kirim_barang,348,1717,pagi,staff,0
kirim_barang,831,274820,malam,admin,0
kirim_barang,932,398650,siang,intern,0
update_stok,979,181882,pagi,staff,0
update_stok,48,497577,siang,intern,0
hapus_data,916,119696,pagi,admin,2
set_harga,73,488852,sore,intern,0
update_stok,703,393974,pagi,admin,0
update_stok,260,5994,malam,staff,1
set_harga,355,267378,sore,admin,0
update_stok,581,70300,malam,staff,1
kirim_barang,601,307093,sore,staff,0
kirim_barang,259,38405,siang,admin,0
set_harga,637,298016,malam,staff,1
hapus_data,742,305359,pagi,intern,2
hapus_data,294,24185,siang,staff,2
set_harga,930,175514,pagi,admin,0
set_harga,640,445975,sore,intern,0
kirim_barang,791,304297,sore,intern,0
hapus_data,312,340679,pagi,staff,2
update_stok,611,496239,pagi,staff,0
kirim_barang,837,134653,siang,admin,0
set_harga,808,52717,pagi,intern,0
hapus_data,181,3763,malam,admin,0
update_stok,685,356054,malam,staff,1
update_stok,827,56480,pagi,intern,0
kirim_barang,363,170831,malam,admin,0
hapus_data,187,208139,pagi,admin,0
hapus_data,568,119094,siang,admin,0
set_harga,542,157379,malam,admin,0
hapus_data,595,228443,malam,admin,0
hapus_data,663,12064,pagi,intern,2
kirim_barang,984,77848,malam,admin,0
hapus_data,547,38548,sore,intern,2
update_stok,724,169017,siang,admin,0
kirim_barang,925,442153,siang,staff,0
kirim_barang,407,269620,malam,staff,1
set_harga,875,445972,malam,admin,0
hapus_data,617,353245,sore,staff,2
set_harga,413,3382,sore,intern,0
update_stok,341,443899,malam,admin,0
kirim_barang,219,482215,malam,intern,0
kirim_barang,902,177348,sore,admin,0
kirim_barang,162,427618,pagi,staff,0
update_stok,950,486097,sore,intern,0
update_stok,219,421162,pagi,staff,0
set_harga,269,80698,siang,staff,0
set_harga,631,246762,siang,admin,0
set_harga,905,244381,sore,intern,0
hapus_data,847,468149,pagi,staff,2
kirim_barang,399,416551,sore,admin,0
kirim_barang,181,46095,sore,admin,0
set_harga,990,474146,pagi,admin,0
kirim_barang,617,393118,sore,staff,0
set_harga,728,290341,siang,admin,0
hapus_data,204,390763,malam,intern,2
hapus_data,581,23010,malam,intern,2
update_stok,555,418339,sore,staff,0
hapus_data,840,351067,pagi,intern,2
set_harga,812,134962,pagi,admin,0
hapus_data,227,487521,siang,staff,2
update_stok,695,393670,pagi,admin,0
kirim_barang,618,110162,pagi,staff,0
set_harga,595,384071,siang,staff,0
kirim_barang,849,271170,sore,admin,0
update_stok,249,328069,malam,intern,0
update_stok,874,69842,siang,intern,0
update_stok,440,296809,sore,staff,0
kirim_barang,532,272421,siang,admin,0
kirim_barang,195,174311,sore,admin,0
kirim_barang,689,441880,siang,staff,0
kirim_barang,928,311152,sore,intern,0
update_stok,986,277827,siang,admin,0
update_stok,518,132742,sore,intern,0
set_harga,69,221283,siang,intern,0
set_harga,638,149961,malam,staff,1
kirim_barang,398,449828,malam,staff,1
hapus_data,977,176607,pagi,intern,2
hapus_data,671,341686,sore,admin,0
update_stok,759,317463,siang,admin,0
update_stok,202,246144,sore,staff,0
update_stok,147,355211,malam,intern,0
set_harga,471,153711,sore,admin,1
set_harga,654,196784,siang,admin,0
update_stok,943,410849,sore,staff,0
update_stok,198,253217,siang,intern,0
update_stok,916,428876,malam,admin,0
hapus_data,425,332119,malam,staff,2
set_harga,665,164244,malam,admin,0
hapus_data,491,453413,pagi,admin,0
hapus_data,887,102158,malam,admin,0
update_stok,895,453063,sore,staff,0
update_stok,141,274721,pagi,intern,0
kirim_barang,312,340443,malam,staff,1
kirim_barang,164,283320,sore,intern,0
hapus_data,313,438602,sore,admin,0
set_harga,20,64972,sore,intern,0
update_stok,81,383162,siang,admin,0
update_stok,580,484007,pagi,admin,0
hapus_data,130,435219,sore,staff,2
kirim_barang,598,283140,siang,admin,0
set_harga,729,101922,malam,staff,1
kirim_barang,932,349742,sore,intern,0
kirim_barang,983,36931,siang,intern,0
kirim_barang,304,125168,sore,admin,0
kirim_barang,914,167782,pagi,staff,0
update_stok,370,124099,pagi,admin,0
update_stok,856,35693,malam,staff,1
kirim_barang,852,429956,sore,staff,0
set_harga,383,471457,siang,staff,0
hapus_data,907,109944,malam,intern,2
set_harga,444,225655,sore,staff,0
set_harga,424,208574,malam,intern,2
set_harga,160,280518,siang,staff,0
kirim_barang,177,470890,malam,intern,0
update_stok,628,248572,malam,intern,0
set_harga,707,344615,malam,intern,0
kirim_barang,894,46913,sore,admin,0
set_harga,489,386827,siang,staff,0
set_harga,326,198097,pagi,admin,0
kirim_barang,597,307660,sore,staff,0
update_stok,288,88796,pagi,staff,0
update_stok,592,289213,pagi,admin,0
hapus_data,663,381477,sore,intern,2
kirim_barang,572,450449,sore,staff,0
hapus_data,572,85811,siang,intern,2
hapus_data,353,191121,siang,admin,0
hapus_data,27,233892,malam,intern,2
update_stok,953,381172,pagi,staff,0
kirim_barang,42,40178,siang,staff,1
hapus_data,680,295965,malam,staff,2
kirim_barang,422,445943,siang,admin,0
kirim_barang,597,455151,sore,staff,0
update_stok,176,17999,siang,admin,0
hapus_data,528,456738,pagi,intern,2
hapus_data,609,301856,siang,staff,2
kirim_barang,965,196623,pagi,staff,0
set_harga,493,172244,sore,staff,0
update_stok,197,296866,pagi,intern,2
update_stok,609,273769,siang,staff,0
update_stok,576,199237,malam,admin,0
update_stok,841,470725,sore,intern,0
hapus_data,852,7859,siang,intern,2
hapus_data,516,435825,sore,intern,2
set_harga,513,437523,sore,intern,0
update_stok,21,111986,siang,intern,0
update_stok,111,233654,siang,admin,0
kirim_barang,56,284983,malam,intern,1
hapus_data,65,290360,sore,staff,2
update_stok,841,316097,sore,intern,0
set_harga,97,478697,siang,intern,0
set_harga,143,454809,pagi,intern,0
hapus_data,879,466291,siang,intern,2
set_harga,434,50522,sore,intern,0
set_harga,636,231233,siang,admin,0
hapus_data,678,399102,malam,admin,0
update_stok,85,374393,pagi,intern,0
update_stok,587,8485,siang,admin,0
set_harga,343,425671,malam,staff,1
set_harga,935,244056,sore,intern,0
update_stok,293,410983,siang,staff,0
hapus_data,955,113701,sore,staff,2
set_harga,570,422669,malam,intern,2
kirim_barang,649,208352,sore,staff,0
hapus_data,610,103638,malam,staff,2
set_harga,703,185514,malam,staff,1
set_harga,242,446093,malam,intern,2
kirim_barang,830,275370,siang,intern,0
kirim_barang,560,94405,sore,staff,0
update_stok,959,285732,sore,intern,0
hapus_data,31,211048,pagi,intern,2
hapus_data,390,163781,pagi,staff,2
update_stok,276,442004,pagi,intern,0
hapus_data,531,482247,pagi,admin,0
hapus_data,153,38019,sore,intern,2
hapus_data,382,439164,malam,admin,0
hapus_data,67,262497,malam,staff,2
hapus_data,877,66133,siang,intern,2
kirim_barang,883,377588,malam,staff,1
hapus_data,213,198530,sore,staff,2
kirim_barang,654,380747,sore,staff,1
hapus_data,375,159598,sore,staff,2
update_stok,743,467709,siang,staff,0
set_harga,212,129585,pagi,intern,0
kirim_barang,78,446414,malam,admin,1
hapus_data,725,246172,sore,intern,2
update_stok,627,493750,sore,intern,0
set_harga,603,306539,pagi,intern,0
kirim_barang,781,418247,sore,intern,0
set_harga,922,469758,malam,admin,0
update_stok,380,126814,siang,intern,0
kirim_barang,679,431917,sore,staff,0
set_harga,57,375743,malam,intern,2
hapus_data,795,26939,sore,intern,2
kirim_barang,25,443361,pagi,admin,1
set_harga,880,414540,sore,admin,0
update_stok,446,154939,sore,staff,0
update_stok,65,263347,siang,intern,0
kirim_barang,920,410760,pagi,intern,0
set_harga,759,410115,pagi,intern,0
kirim_barang,253,292207,siang,staff,0
kirim_barang,898,91880,sore,admin,0
set_harga,967,4748,malam,staff,1
set_harga,43,237094,pagi,intern,0
hapus_data,96,380413,pagi,admin,0
set_harga,553,460845,sore,admin,0
update_stok,226,343908,sore,staff,0
kirim_barang,773,152956,pagi,admin,0
kirim_barang,678,157255,sore,admin,0
update_stok,435,475786,malam,intern,0
set_harga,790,465462,pagi,intern,0
update_stok,600,371180,malam,admin,0
update_stok,378,151331,malam,admin,0
hapus_data,177,168031,sore,staff,2
update_stok,426,379669,malam,staff,1
kirim_barang,914,427673,sore,admin,0
update_stok,708,348823,siang,intern,0
kirim_barang,306,126829,sore,admin,0
kirim_barang,778,129216,malam,admin,0
kirim_barang,503,396319,siang,intern,0
set_harga,267,66901,sore,intern,0
hapus_data,585,244386,malam,staff,2
kirim_barang,7,176607,pagi,staff,2
kirim_barang,919,410319,pagi,staff,0
set_harga,507,99046,sore,staff,0
kirim_barang,475,353156,sore,intern,0
update_stok,296,79278,pagi,admin,2
update_stok,163,275535,malam,staff,1
hapus_data,484,103476,malam,staff,2
kirim_barang,596,423117,malam,intern,0
set_harga,71,383865,sore,intern,0
update_stok,566,98537,siang,admin,0
set_harga,904,344303,siang,admin,0
set_harga,558,462130,siang,intern,0
update_stok,910,394184,siang,staff,0
set_harga,943,182429,siang,staff,0
update_stok,237,218980,sore,staff,0
set_harga,103,432653,sore,admin,0
update_stok,209,298647,siang,staff,0
kirim_barang,553,490498,sore,staff,0
hapus_data,827,487675,sore,intern,2
update_stok,467,76403,siang,staff,0
update_stok,453,435474,malam,intern,0
hapus_data,267,427940,sore,staff,2
update_stok,385,65286,malam,admin,0
update_stok,774,337986,sore,staff,0
set_harga,847,105927,sore,staff,0
hapus_data,386,278052,siang,intern,2
kirim_barang,876,486833,sore,intern,0
update_stok,258,444842,pagi,intern,0
hapus_data,282,300372,pagi,staff,2
set_harga,625,24386,siang,staff,0
kirim_barang,874,178826,malam,admin,0
hapus_data,39,291446,malam,staff,2
kirim_barang,485,323959,malam,admin,0
kirim_barang,928,253156,pagi,intern,0
kirim_barang,219,478964,malam,intern,0
update_stok,128,326488,malam,intern,0
update_stok,519,429834,siang,admin,0
set_harga,612,374747,malam,staff,1
set_harga,927,470450,pagi,intern,0
hapus_data,891,324258,pagi,staff,2
set_harga,687,249724,pagi,staff,0
kirim_barang,618,202202,siang,intern,0
kirim_barang,612,26525,siang,admin,0
update_stok,259,80818,sore,staff,0
kirim_barang,989,115589,malam,intern,0
hapus_data,965,146406,siang,staff,2
kirim_barang,365,95715,pagi,staff,1
kirim_barang,757,194839,pagi,staff,0
hapus_data,786,269788,siang,staff,2
set_harga,543,364298,siang,staff,0
set_harga,648,427149,siang,admin,0
hapus_data,523,258438,sore,admin,0
update_stok,906,306613,pagi,intern,0
kirim_barang,813,427903,sore,admin,0
hapus_data,886,369753,sore,admin,0
kirim_barang,15,446872,malam,admin,2
update_stok,128,411591,pagi,staff,0
kirim_barang,574,328350,pagi,staff,2
hapus_data,108,359606,siang,intern,2
kirim_barang,886,168679,siang,intern,0
set_harga,532,84178,malam,intern,2
update_stok,669,418209,sore,staff,0
update_stok,268,176458,siang,admin,0
update_stok,161,255466,siang,admin,0
hapus_data,259,440503,pagi,staff,2
update_stok,923,87724,pagi,intern,0
set_harga,101,230204,siang,intern,0
hapus_data,505,487524,pagi,intern,2
set_harga,734,97393,malam,staff,1
kirim_barang,570,390458,siang,intern,0
kirim_barang,246,77312,pagi,intern,0
kirim_barang,639,492587,malam,staff,1
kirim_barang,794,338468,pagi,admin,0
set_harga,836,72196,pagi,staff,0
hapus_data,536,71014,pagi,staff,2
hapus_data,130,402426,siang,staff,2
update_stok,352,142994,sore,staff,0
set_harga,195,430505,pagi,admin,0
kirim_barang,792,34340,malam,intern,0
set_harga,915,302994,siang,staff,0
update_stok,929,451200,siang,admin,0
update_stok,665,497915,malam,intern,0
set_harga,381,114711,pagi,intern,0
set_harga,644,216250,sore,intern,0
set_harga,226,12094,pagi,staff,0
hapus_data,700,351103,malam,staff,2
kirim_barang,475,427634,siang,intern,0
set_harga,476,268885,sore,intern,0
set_harga,264,112585,siang,intern,0
set_harga,371,466590,malam,intern,2
update_stok,485,385708,pagi,intern,0
update_stok,433,69798,sore,intern,0
hapus_data,645,379170,siang,admin,0
kirim_barang,210,202604,siang,intern,0
hapus_data,571,111130,siang,staff,2
kirim_barang,939,285308,pagi,staff,0
update_stok,376,167667,sore,staff,0
update_stok,394,31257,pagi,intern,0
update_stok,449,408427,pagi,staff,0
hapus_data,942,359133,pagi,admin,0
set_harga,363,399448,malam,intern,2
set_harga,875,461969,malam,staff,1
update_stok,456,53691,malam,admin,0
set_harga,724,483981,sore,admin,0
set_harga,727,80768,pagi,staff,0
hapus_data,225,419829,pagi,admin,0
kirim_barang,981,15026,malam,staff,1
update_stok,130,447751,pagi,admin,0
update_stok,587,226162,pagi,intern,0
hapus_data,475,294052,siang,intern,2
hapus_data,797,446329,pagi,intern,2
set_harga,985,20610,siang,intern,0
update_stok,276,178718,pagi,intern,0
kirim_barang,155,499357,sore,staff,0
hapus_data,759,326329,malam,intern,2
kirim_barang,217,335711,siang,intern,0
kirim_barang,189,179646,malam,intern,0
update_stok,416,223123,siang,intern,0
update_stok,980,496236,siang,admin,0
hapus_data,674,299326,siang,intern,2
update_stok,691,379280,sore,intern,0
update_stok,545,394786,pagi,staff,0
update_stok,40,492006,siang,admin,0
kirim_barang,306,20288,sore,staff,0
hapus_data,942,341968,siang,intern,2
set_harga,337,424093,pagi,staff,0
kirim_barang,313,85425,siang,staff,0
update_stok,74,1917,sore,intern,0
kirim_barang,952,338746,pagi,admin,0
update_stok,278,489256,sore,admin,0
update_stok,175,327719,pagi,staff,0
kirim_barang,895,335662,pagi,intern,0
hapus_data,661,254187,malam,staff,2
update_stok,272,40104,malam,staff,0
hapus_data,836,150134,malam,staff,2
set_harga,619,280143,pagi,intern,0
update_stok,650,263091,siang,intern,0
hapus_data,861,456061,sore,admin,0
hapus_data,782,404157,sore,intern,2
set_harga,858,62169,sore,staff,0
hapus_data,930,155542,malam,staff,2
hapus_data,288,130744,pagi,admin,0
set_harga,723,373828,malam,intern,0
update_stok,892,60821,siang,staff,0
hapus_data,271,218741,pagi,admin,0
hapus_data,929,250265,sore,admin,0
hapus_data,65,438651,malam,staff,2
kirim_barang,482,398745,malam,staff,1
set_harga,935,215127,siang,intern,0
kirim_barang,247,275336,siang,admin,0
set_harga,155,337246,malam,staff,1
update_stok,46,204834,siang,admin,0
update_stok,934,235538,sore,intern,0
hapus_data,453,378038,siang,staff,2
set_harga,200,87795,siang,intern,0
update_stok,659,166159,malam,admin,0
set_harga,123,329821,malam,intern,2
update_stok,0,136699,pagi,intern,0
kirim_barang,967,450757,pagi,admin,0
update_stok,758,244877,malam,intern,0
kirim_barang,854,200298,siang,admin,0
update_stok,639,499843,siang,staff,0
hapus_data,190,397471,pagi,admin,0
kirim_barang,578,189505,pagi,admin,0
update_stok,515,137285,pagi,staff,0
hapus_data,441,103412,sore,admin,0
kirim_barang,920,20404,sore,staff,0
hapus_data,814,117545,pagi,staff,2
set_harga,805,419596,siang,admin,0
set_harga,142,223128,pagi,intern,0
kirim_barang,190,151245,sore,intern,0
update_stok,532,185099,siang,staff,0
kirim_barang,226,287133,sore,intern,0
hapus_data,312,262657,siang,intern,2
update_stok,628,371250,sore,admin,0
set_harga,948,287663,siang,staff,0
update_stok,301,257875,siang,staff,0
set_harga,653,285583,siang,admin,0
update_stok,995,381714,siang,intern,0
update_stok,459,471165,malam,staff,1
update_stok,400,15995,sore,intern,0
hapus_data,550,24559,sore,staff,2
hapus_data,392,352193,malam,staff,2
kirim_barang,866,399237,siang,staff,0
kirim_barang,763,99000,siang,staff,0
set_harga,844,153191,sore,intern,0
hapus_data,206,445755,malam,intern,2
set_harga,209,489051,siang,intern,0
kirim_barang,114,302494,siang,intern,0
set_harga,736,440439,siang,admin,0
kirim_barang,645,26517,pagi,staff,0
hapus_data,250,472869,malam,staff,2
update_stok,218,416466,siang,staff,0
hapus_data,406,216558,pagi,admin,0
set_harga,442,477111,malam,intern,2
set_harga,602,352276,siang,staff,0
hapus_data,353,485282,sore,intern,2
hapus_data,887,461014,pagi,intern,2
kirim_barang,557,448415,pagi,admin,0
set_harga,549,322690,siang,admin,0
set_harga,141,106686,siang,intern,0
hapus_data,611,89151,pagi,staff,2
update_stok,500,266471,sore,staff,0
set_harga,839,121318,sore,admin,0
update_stok,701,423984,malam,admin,0
hapus_data,546,196490,siang,admin,0
hapus_data,658,488602,sore,admin,0
kirim_barang,541,174860,malam,admin,0
set_harga,845,116945,sore,admin,0
update_stok,506,214456,siang,admin,0
kirim_barang,595,309974,malam,staff,1
set_harga,880,53446,malam,admin,0
kirim_barang,280,499294,malam,admin,0
hapus_data,423,409376,sore,staff,2
set_harga,855,188655,siang,staff,0
kirim_barang,269,428214,malam,intern,0
kirim_barang,153,421446,pagi,admin,0
update_stok,613,141148,siang,admin,0
kirim_barang,726,70341,pagi,admin,0
set_harga,661,32085,pagi,admin,0
set_harga,943,318715,malam,intern,2
update_stok,82,408931,malam,staff,1
set_harga,621,391452,sore,staff,0
hapus_data,946,6750,sore,admin,0
set_harga,898,377075,sore,admin,0
set_harga,425,341912,siang,admin,1
kirim_barang,274,36903,sore,intern,0
kirim_barang,712,204561,pagi,intern,0
set_harga,283,426309,sore,staff,0
update_stok,979,92036,malam,admin,1
kirim_barang,172,88954,sore,admin,0
update_stok,326,428530,siang,admin,0
set_harga,717,442441,siang,admin,0
set_harga,62,482201,pagi,intern,0
hapus_data,72,346158,siang,staff,2
kirim_barang,762,429395,sore,staff,0
set_harga,635,118305,malam,intern,2
hapus_data,374,419554,siang,admin,1
kirim_barang,632,486651,pagi,staff,0
set_harga,507,201753,sore,staff,0
set_harga,786,33101,pagi,intern,0
kirim_barang,942,3775,siang,admin,0
kirim_barang,397,112497,siang,staff,0
kirim_barang,119,491399,pagi,admin,0
set_harga,933,46619,sore,staff,0
set_harga,436,440054,siang,intern,0
hapus_data,828,253388,malam,admin,0
update_stok,675,413755,siang,intern,0
kirim_barang,935,234346,sore,staff,0
set_harga,464,320268,siang,intern,0
set_harga,285,66149,pagi,intern,0
kirim_barang,264,27616,siang,intern,0
update_stok,319,473871,siang,staff,0
kirim_barang,672,222767,sore,admin,0
update_stok,375,186639,pagi,intern,0
set_harga,819,169171,sore,admin,0
update_stok,88,207903,siang,staff,0
hapus_data,653,232318,malam,admin,0
set_harga,202,324943,siang,intern,0
hapus_data,820,353365,sore,intern,2
kirim_barang,738,378023,malam,intern,0
kirim_barang,954,288623,sore,intern,0
kirim_barang,333,440388,sore,intern,0
update_stok,221,362309,pagi,intern,0
set_harga,40,56863,malam,staff,1
kirim_barang,707,174115,siang,staff,0
kirim_barang,67,345713,sore,staff,1
set_harga,987,496654,siang,admin,0
kirim_barang,775,409624,pagi,admin,0
hapus_data,513,254347,pagi,staff,2
set_harga,872,190052,malam,admin,0
set_harga,636,477172,pagi,admin,0
set_harga,621,279495,pagi,intern,0
hapus_data,597,136203,siang,intern,2
set_harga,936,248908,pagi,admin,0
hapus_data,631,307969,pagi,admin,0
set_harga,126,274493,sore,staff,0
update_stok,254,193003,pagi,admin,0
kirim_barang,694,307398,sore,intern,0
update_stok,15,301369,pagi,admin,0
kirim_barang,476,498599,pagi,staff,0
hapus_data,61,275597,malam,intern,2
update_stok,880,150886,malam,intern,0
set_harga,431,150335,sore,intern,0
kirim_barang,669,78694,pagi,intern,0
kirim_barang,267,16735,siang,admin,0
update_stok,34,410046,malam,staff,1
hapus_data,778,311037,siang,admin,0
update_stok,575,176745,malam,admin,0
hapus_data,493,390150,malam,intern,2
hapus_data,561,221534,pagi,staff,2
kirim_barang,468,46066,malam,intern,0
update_stok,766,232387,siang,admin,0
update_stok,660,135445,malam,admin,0
hapus_data,324,404551,sore,intern,2
update_stok,303,417957,pagi,admin,0
set_harga,275,273836,pagi,admin,0
set_harga,868,441511,sore,intern,0
update_stok,962,46541,sore,admin,0
update_stok,683,166129,sore,staff,0
hapus_data,928,67983,malam,intern,2
set_harga,200,151655,pagi,staff,0
set_harga,444,154837,sore,admin,0
kirim_barang,904,191359,malam,admin,0
hapus_data,323,418122,sore,intern,2
kirim_barang,34,383891,siang,admin,1
set_harga,976,348247,siang,intern,0
hapus_data,481,211747,pagi,intern,2
update_stok,727,178597,malam,intern,0
hapus_data,479,170302,siang,intern,2
update_stok,64,413736,siang,intern,1
update_stok,7,479454,malam,staff,1
hapus_data,300,446150,sore,intern,2
update_stok,342,288710,malam,staff,1
kirim_barang,430,336337,sore,admin,0
set_harga,423,497440,siang,intern,0
update_stok,331,424350,siang,admin,0
kirim_barang,437,404561,siang,intern,0
update_stok,587,253084,pagi,staff,0
set_harga,173,122015,pagi,staff,0
kirim_barang,558,173257,pagi,staff,0
set_harga,526,247536,malam,admin,0
set_harga,872,225021,siang,intern,0
kirim_barang,658,131956,siang,admin,0
kirim_barang,25,71744,malam,staff,1
kirim_barang,819,296599,pagi,admin,0
hapus_data,604,422234,malam,staff,2
kirim_barang,405,317363,pagi,staff,0
kirim_barang,231,309135,siang,staff,0
kirim_barang,532,74616,sore,intern,0
kirim_barang,818,88438,pagi,intern,0
update_stok,549,117841,siang,staff,0
hapus_data,787,141558,siang,admin,0
set_harga,504,170934,sore,admin,0
kirim_barang,668,253734,siang,intern,0
update_stok,178,59870,siang,staff,0
update_stok,131,87694,pagi,admin,0
update_stok,822,238068,pagi,staff,1
set_harga,454,307000,sore,admin,0
kirim_barang,347,102407,sore,intern,0
hapus_data,539,494960,siang,staff,2
hapus_data,771,480271,pagi,staff,2
update_stok,405,32379,sore,admin,0
set_harga,75,327873,sore,admin,0
set_harga,940,422594,malam,admin,0
set_harga,578,237500,sore,staff,0
hapus_data,853,55353,siang,intern,2
update_stok,491,182068,pagi,intern,0
kirim_barang,193,277175,sore,admin,0
hapus_data,983,212144,malam,intern,2
update_stok,161,66982,pagi,admin,0
update_stok,346,37683,sore,intern,0
kirim_barang,950,115091,malam,staff,1
kirim_barang,360,118797,sore,admin,0
kirim_barang,768,411834,pagi,intern,0
set_harga,583,7587,pagi,staff,0
kirim_barang,86,325934,pagi,intern,1
update_stok,933,294624,siang,staff,0
kirim_barang,261,230602,sore,staff,1
update_stok,213,152599,siang,intern,0
hapus_data,664,286713,pagi,intern,2
set_harga,721,274295,malam,staff,1
hapus_data,912,465310,sore,staff,2
hapus_data,572,191246,siang,staff,2
update_stok,779,45739,sore,admin,0
hapus_data,261,33954,malam,staff,2
update_stok,729,244935,siang,admin,0
kirim_barang,282,110373,pagi,staff,0
kirim_barang,647,429519,siang,admin,0
update_stok,466,35700,sore,staff,0
kirim_barang,379,487252,sore,staff,0
set_harga,361,124728,sore,staff,0
hapus_data,448,461784,sore,intern,2
set_harga,440,329932,pagi,intern,0
hapus_data,92,72045,siang,staff,2
kirim_barang,620,432058,pagi,admin,0
set_harga,752,145972,pagi,admin,0
kirim_barang,866,391136,pagi,staff,0
hapus_data,423,343203,sore,intern,2
update_stok,141,2881,sore,admin,0
update_stok,290,427253,sore,intern,0
set_harga,431,395846,siang,admin,0
kirim_barang,748,283933,malam,staff,1
kirim_barang,851,389227,sore,intern,0
set_harga,823,89059,siang,admin,0
update_stok,688,215566,sore,staff,0
hapus_data,652,309295,sore,staff,2
set_harga,700,443136,pagi,staff,0
hapus_data,997,110388,pagi,intern,2
update_stok,48,199303,pagi,intern,0
kirim_barang,301,474573,siang,staff,0
update_stok,880,266406,malam,intern,0
set_harga,189,330125,malam,admin,0
kirim_barang,135,384095,siang,staff,0
set_harga,554,386243,sore,staff,0
set_harga,403,82972,siang,intern,0
update_stok,891,338629,sore,staff,1
set_harga,864,55722,siang,admin,0
update_stok,601,352643,siang,intern,0
kirim_barang,806,182890,siang,intern,0
update_stok,340,424148,malam,staff,1
kirim_barang,756,270045,pagi,staff,0
update_stok,944,118473,siang,staff,0
hapus_data,703,493239,malam,intern,2
hapus_data,317,271741,pagi,staff,2
set_harga,617,392775,pagi,admin,0
update_stok,362,327053,siang,staff,0
update_stok,821,335535,sore,staff,0
kirim_barang,381,216286,sore,intern,0
set_harga,232,402479,sore,staff,0
update_stok,776,326437,siang,intern,0
set_harga,343,244896,sore,staff,0
hapus_data,548,157877,malam,admin,0
update_stok,816,485895,malam,admin,0
update_stok,552,12874,malam,intern,0
set_harga,528,225137,malam,intern,2
update_stok,855,349546,pagi,staff,0
set_harga,788,277223,malam,staff,1
update_stok,818,444066,sore,admin,0
kirim_barang,570,335923,siang,staff,0
set_harga,934,96408,sore,admin,0
update_stok,182,403234,malam,intern,0
hapus_data,40,121606,pagi,staff,2
update_stok,550,443716,malam,intern,0
hapus_data,396,121062,siang,staff,1
hapus_data,703,13100,sore,admin,0
kirim_barang,778,320165,siang,intern,0
set_harga,493,151872,siang,intern,0
update_stok,658,391270,siang,staff,0
kirim_barang,906,195472,sore,intern,0
update_stok,332,355590,malam,admin,0
hapus_data,126,292581,siang,intern,2
set_harga,557,235196,sore,intern,0
update_stok,556,208609,pagi,staff,0
update_stok,0,440891,sore,intern,0
hapus_data,167,152014,pagi,staff,2
update_stok,619,284006,sore,staff,0
update_stok,18,274813,malam,intern,2
hapus_data,331,384363,siang,admin,0
kirim_barang,583,185844,malam,staff,1
hapus_data,455,279060,sore,intern,2
kirim_barang,956,274022,siang,staff,0
set_harga,108,266129,pagi,admin,0
kirim_barang,267,492121,sore,admin,0
kirim_barang,444,205720,siang,staff,2
set_harga,239,42235,pagi,admin,0
kirim_barang,928,282075,pagi,intern,0
hapus_data,300,93876,malam,intern,2
kirim_barang,601,1336,sore,staff,0
set_harga,102,306077,pagi,admin,0
hapus_data,987,479115,siang,intern,2
set_harga,249,308680,pagi,intern,0
set_harga,452,70504,pagi,intern,0
update_stok,519,100214,malam,staff,1
update_stok,152,183220,malam,staff,1
set_harga,858,114936,siang,intern,0
set_harga,173,17279,malam,intern,0
set_harga,342,200737,pagi,admin,0
update_stok,669,104751,pagi,admin,0
update_stok,430,367577,malam,admin,0
kirim_barang,726,72386,pagi,staff,0
kirim_barang,688,87124,pagi,intern,0
set_harga,686,368894,siang,staff,0
hapus_data,851,340629,malam,intern,2
hapus_data,849,337199,pagi,admin,0
update_stok,657,92911,malam,admin,0
update_stok,961,361762,siang,admin,0
update_stok,323,471489,malam,admin,0
set_harga,989,198742,pagi,intern,0
hapus_data,672,470690,malam,admin,0
kirim_barang,638,448244,pagi,intern,0
set_harga,419,222094,pagi,intern,0
kirim_barang,593,377036,pagi,staff,0
kirim_barang,484,485848,siang,admin,0
set_harga,658,238723,malam,admin,0
kirim_barang,750,334272,siang,staff,0
hapus_data,411,412324,malam,intern,2
kirim_barang,935,315639,siang,admin,0
hapus_data,83,83806,sore,intern,2
hapus_data,112,356329,pagi,staff,2
hapus_data,736,208605,pagi,intern,2
update_stok,331,231097,siang,admin,0
kirim_barang,377,451046,sore,intern,0
set_harga,754,468856,pagi,intern,0
set_harga,654,446725,malam,admin,0
kirim_barang,40,198478,siang,admin,1
update_stok,934,488436,pagi,intern,0
update_stok,769,171591,pagi,intern,0
hapus_data,958,312793,siang,staff,2
kirim_barang,796,166596,siang,admin,0
kirim_barang,104,490709,malam,intern,0
set_harga,201,165957,malam,admin,0
kirim_barang,449,438585,pagi,staff,0
update_stok,818,233204,pagi,intern,0
kirim_barang,842,358546,siang,intern,0
set_harga,972,293820,pagi,intern,0
hapus_data,265,327237,pagi,admin,0
set_harga,909,441980,siang,staff,0
set_harga,209,182871,pagi,admin,0
hapus_data,562,342558,pagi,intern,2
set_harga,117,499512,sore,staff,0
set_harga,712,356239,malam,intern,2
kirim_barang,376,244154,siang,intern,0
kirim_barang,550,73307,sore,admin,0
hapus_data,539,476278,malam,intern,2
kirim_barang,770,358576,malam,staff,1
kirim_barang,83,295067,malam,intern,1
set_harga,453,380593,sore,intern,0
update_stok,666,495955,sore,admin,0
kirim_barang,628,236998,malam,staff,1
update_stok,513,472604,pagi,admin,0
kirim_barang,604,310718,pagi,intern,0
kirim_barang,677,437607,sore,admin,0
hapus_data,386,122757,sore,admin,0
hapus_data,911,54664,sore,admin,0
hapus_data,349,330528,malam,admin,0
update_stok,295,294171,pagi,intern,0
set_harga,257,167536,sore,intern,0
kirim_barang,80,297629,sore,staff,1
kirim_barang,936,260438,siang,admin,0
kirim_barang,267,151528,malam,admin,0
update_stok,418,469011,siang,staff,0
hapus_data,234,298698,pagi,admin,0
set_harga,832,310066,siang,staff,0
update_stok,310,276553,siang,intern,0
hapus_data,812,201399,siang,staff,2
update_stok,974,223472,malam,admin,0
set_harga,985,299783,pagi,staff,0
hapus_data,356,232182,siang,intern,2
update_stok,212,457843,malam,admin,0
set_harga,573,477640,pagi,intern,0
kirim_barang,48,282836,sore,intern,1
set_harga,126,90037,siang,staff,0
kirim_barang,222,210912,pagi,intern,0
update_stok,920,186272,siang,admin,0
hapus_data,278,225135,sore,intern,2
hapus_data,407,189487,pagi,intern,2
update_stok,504,19074,malam,staff,0
hapus_data,293,147621,pagi,intern,0
hapus_data,795,293107,malam,staff,2
kirim_barang,276,485672,pagi,staff,0
update_stok,437,228434,malam,admin,0
set_harga,106,233679,sore,admin,0
kirim_barang,657,53265,sore,admin,0
update_stok,419,17061,sore,admin,0
kirim_barang,610,452442,pagi,staff,0
set_harga,428,160882,sore,intern,0
set_harga,374,454222,siang,admin,0
update_stok,72,114502,sore,admin,0
set_harga,948,285944,malam,admin,0
kirim_barang,997,379336,malam,intern,0
set_harga,633,257505,malam,admin,0
kirim_barang,29,108228,pagi,intern,1
kirim_barang,187,207548,siang,staff,0
set_harga,363,463676,sore,staff,1
update_stok,865,451983,siang,staff,0
hapus_data,799,291198,siang,intern,2
set_harga,450,469535,malam,admin,0
kirim_barang,194,497005,malam,admin,0
kirim_barang,155,177469,malam,admin,0
set_harga,171,14233,pagi,admin,0
update_stok,846,243277,siang,admin,0
update_stok,40,484236,siang,intern,0
kirim_barang,62,157140,pagi,staff,1
kirim_barang,22,328871,pagi,admin,1
update_stok,359,353754,pagi,staff,0
hapus_data,74,333597,siang,intern,2
set_harga,559,105135,siang,intern,0
kirim_barang,671,420048,malam,admin,0
kirim_barang,824,371608,malam,intern,0
update_stok,117,218314,siang,staff,0
set_harga,611,14682,malam,admin,1
update_stok,379,486514,pagi,admin,2
set_harga,928,155455,sore,staff,0
set_harga,919,321304,malam,admin,0
set_harga,678,225404,siang,admin,0
kirim_barang,289,286810,malam,staff,1
hapus_data,439,321961,malam,admin,0
update_stok,667,92198,malam,admin,0
hapus_data,932,428858,sore,staff,2
update_stok,6,42830,pagi,intern,0
set_harga,195,497283,siang,staff,0
kirim_barang,420,11234,sore,admin,0
hapus_data,567,58616,siang,staff,1
kirim_barang,832,272365,siang,admin,0
update_stok,192,143482,siang,admin,0
kirim_barang,558,212127,sore,staff,0
kirim_barang,147,193485,pagi,admin,0
hapus_data,786,2051,siang,intern,2
set_harga,668,373673,pagi,admin,0
kirim_barang,201,469517,pagi,staff,0
set_harga,443,77918,malam,intern,2
update_stok,913,79116,sore,intern,0
kirim_barang,987,385370,sore,admin,2
hapus_data,418,450779,malam,staff,2
update_stok,426,229931,malam,admin,0
update_stok,478,307901,pagi,admin,0
hapus_data,474,384152,siang,staff,2
kirim_barang,125,209547,sore,staff,0
kirim_barang,394,445473,siang,admin,0
update_stok,816,227572,siang,intern,0
kirim_barang,880,132379,malam,admin,0
set_harga,805,57889,siang,intern,0
hapus_data,575,463111,pagi,admin,0
set_harga,324,227256,malam,staff,1
kirim_barang,391,299088,siang,intern,0
update_stok,929,362699,malam,staff,1
hapus_data,687,39134,pagi,staff,2
kirim_barang,627,421539,pagi,staff,0
kirim_barang,439,203834,siang,staff,0
update_stok,203,481441,malam,staff,1
update_stok,485,228579,siang,admin,0
set_harga,832,26954,siang,intern,0
hapus_data,30,187093,malam,admin,0
hapus_data,387,353103,siang,admin,0
update_stok,624,227999,pagi,admin,0
set_harga,876,211938,malam,staff,1
hapus_data,433,202499,malam,admin,0
update_stok,836,268136,malam,intern,0
kirim_barang,925,2961,malam,admin,0
hapus_data,375,13497,siang,staff,2
set_harga,343,426767,siang,intern,0
set_harga,442,470600,pagi,intern,0
set_harga,578,257446,sore,intern,0
kirim_barang,74,449971,sore,intern,1
hapus_data,556,276399,pagi,admin,0
hapus_data,771,136639,sore,staff,2
kirim_barang,665,311991,pagi,intern,0
hapus_data,154,236889,siang,intern,2
kirim_barang,429,180075,malam,staff,1
kirim_barang,362,21389,malam,admin,0
kirim_barang,447,176595,siang,intern,0
set_harga,986,386946,malam,admin,0
hapus_data,233,324720,malam,admin,0
kirim_barang,562,307063,sore,admin,0
hapus_data,817,214175,siang,admin,0
set_harga,261,4358,sore,intern,0
kirim_barang,826,351679,sore,intern,2
update_stok,124,253557,malam,admin,0
set_harga,910,208596,malam,admin,0
update_stok,244,255488,siang,staff,0
hapus_data,541,106982,malam,staff,2
hapus_data,937,229129,malam,staff,2
set_harga,484,268842,siang,intern,0
hapus_data,121,329953,malam,staff,2
update_stok,124,94079,sore,intern,0
kirim_barang,548,56805,siang,intern,0
kirim_barang,169,163421,malam,intern,0
kirim_barang,123,208849,pagi,intern,0
set_harga,868,444464,siang,staff,0
hapus_data,34,338177,siang,admin,0
update_stok,86,239483,pagi,admin,0
hapus_data,645,361383,malam,admin,0
hapus_data,707,393551,malam,staff,2
hapus_data,785,45041,siang,admin,0
kirim_barang,200,295098,siang,staff,0
update_stok,368,271146,malam,staff,1
update_stok,796,332927,malam,staff,1
hapus_data,76,108524,sore,admin,0
kirim_barang,58,219306,siang,admin,1
kirim_barang,430,388001,siang,admin,0
update_stok,637,20738,pagi,intern,0
kirim_barang,499,273847,sore,staff,0
kirim_barang,912,114776,malam,intern,0
kirim_barang,108,181494,sore,staff,0
set_harga,735,477322,malam,admin,0
hapus_data,277,193971,malam,staff,2
update_stok,67,406608,sore,staff,0
update_stok,68,307868,siang,intern,0
set_harga,164,295443,malam,staff,1
hapus_data,488,278785,sore,admin,0
update_stok,304,342678,pagi,staff,0
kirim_barang,908,269449,sore,staff,0
update_stok,673,230334,pagi,staff,0
kirim_barang,364,281926,malam,intern,0
set_harga,853,341401,sore,staff,0
kirim_barang,820,237371,sore,staff,0
update_stok,378,78963,pagi,intern,0
update_stok,342,122987,sore,intern,0
update_stok,946,152638,sore,intern,0
set_harga,898,125591,malam,intern,2
set_harga,553,68766,sore,admin,0
hapus_data,353,7511,siang,admin,0
update_stok,415,115816,pagi,staff,0
kirim_barang,108,250432,sore,admin,0
set_harga,562,420393,pagi,staff,0
update_stok,761,267909,pagi,admin,0
update_stok,496,152426,pagi,intern,0
set_harga,340,287073,sore,intern,0
hapus_data,941,160892,sore,admin,0
set_harga,382,112576,pagi,admin,0
set_harga,532,423739,siang,staff,0
kirim_barang,299,72088,pagi,staff,0
kirim_barang,138,460379,siang,staff,0
hapus_data,358,78525,pagi,intern,2
update_stok,835,14780,malam,intern,0
set_harga,498,269733,pagi,intern,0
hapus_data,384,429028,pagi,intern,2
kirim_barang,603,356808,sore,staff,0
set_harga,958,440155,siang,intern,0
update_stok,279,445709,malam,intern,0
kirim_barang,636,105188,siang,intern,0
kirim_barang,482,94326,malam,intern,0
kirim_barang,908,304097,pagi,admin,0
hapus_data,110,66785,sore,staff,2
update_stok,865,20309,sore,staff,0
set_harga,138,55195,siang,intern,0
hapus_data,995,26901,sore,admin,0
hapus_data,434,155648,siang,staff,2
hapus_data,508,425724,siang,staff,2
kirim_barang,272,468927,malam,intern,0
update_stok,98,26464,siang,intern,0
hapus_data,763,454497,malam,staff,2
set_harga,849,279404,sore,staff,0
update_stok,103,125997,siang,admin,0
set_harga,213,298584,siang,staff,0
update_stok,760,358226,pagi,staff,0
set_harga,663,368727,siang,intern,0
kirim_barang,761,57683,siang,staff,0
hapus_data,786,387350,pagi,intern,2
set_harga,164,173502,pagi,staff,0
update_stok,998,396203,sore,staff,0
hapus_data,852,157177,siang,staff,2
hapus_data,519,79484,sore,admin,0
update_stok,283,250819,sore,intern,0
set_harga,516,407242,pagi,admin,0
kirim_barang,656,331453,malam,staff,1
kirim_barang,612,309071,sore,admin,0
set_harga,163,207486,malam,intern,2
hapus_data,885,451751,siang,staff,2
hapus_data,658,306090,pagi,admin,0
hapus_data,63,389647,siang,admin,0
hapus_data,90,450777,siang,intern,2
set_harga,116,142449,pagi,admin,0
hapus_data,865,54592,siang,intern,2
update_stok,266,139419,pagi,staff,0
hapus_data,821,296920,malam,staff,2
kirim_barang,684,397999,siang,admin,0
hapus_data,558,56798,pagi,staff,2
set_harga,139,136370,sore,staff,0
kirim_barang,245,333348,siang,admin,0
set_harga,660,349351,malam,staff,1
set_harga,757,363500,pagi,admin,0
kirim_barang,394,449377,siang,intern,0
set_harga,486,323796,siang,intern,0
set_harga,475,428700,siang,intern,0
hapus_data,516,492830,malam,admin,0
update_stok,976,392716,pagi,admin,0
set_harga,183,244767,sore,staff,0
set_harga,19,21922,sore,staff,0
set_harga,936,428244,sore,staff,0
hapus_data,557,414532,pagi,staff,2
update_stok,523,340140,sore,staff,0
kirim_barang,581,411184,malam,admin,0
hapus_data,528,293410,pagi,admin,2
hapus_data,882,227817,siang,intern,2
update_stok,146,418216,malam,intern,0
update_stok,665,408227,siang,intern,0
hapus_data,303,3866,sore,intern,2
kirim_barang,619,113669,malam,admin,0
hapus_data,747,269042,pagi,admin,0
update_stok,819,281539,malam,admin,0
kirim_barang,863,171091,siang,staff,0
update_stok,581,497459,pagi,staff,0
kirim_barang,694,267150,malam,intern,0
set_harga,761,166465,malam,staff,2
update_stok,227,274100,malam,admin,0
update_stok,101,444258,malam,intern,0
hapus_data,586,490415,pagi,intern,2
update_stok,416,400294,siang,staff,0
update_stok,957,423847,malam,intern,0
set_harga,215,358820,pagi,staff,0
update_stok,406,122724,siang,staff,0
set_harga,398,63901,malam,intern,2
set_harga,922,370371,siang,staff,0
set_harga,714,201569,siang,staff,0
set_harga,703,489029,pagi,staff,0
kirim_barang,760,118192,siang,staff,0
hapus_data,498,173646,pagi,intern,2
kirim_barang,753,294561,malam,admin,0
update_stok,464,351164,siang,admin,0
kirim_barang,690,346783,siang,staff,0
kirim_barang,948,459222,sore,staff,0
update_stok,973,95881,malam,staff,1
update_stok,730,243934,malam,admin,0
update_stok,81,433670,sore,staff,0
kirim_barang,603,133659,sore,intern,0
kirim_barang,946,122688,pagi,intern,0
update_stok,686,116584,pagi,intern,0
hapus_data,750,186782,siang,admin,0
hapus_data,771,349711,siang,staff,2
set_harga,902,223820,siang,staff,0
update_stok,364,339030,siang,staff,0
set_harga,162,413032,pagi,admin,0
hapus_data,47,217896,malam,admin,0
set_harga,510,292576,siang,admin,0
update_stok,328,180689,malam,admin,0
update_stok,839,335517,siang,intern,0
update_stok,115,166289,sore,admin,0
kirim_barang,940,284028,siang,admin,0
set_harga,848,268598,siang,admin,0
hapus_data,336,75960,siang,staff,2
hapus_data,880,103421,pagi,staff,0
hapus_data,736,239245,sore,staff,2
kirim_barang,863,44618,siang,intern,0
kirim_barang,839,478164,siang,intern,0
update_stok,146,456887,malam,admin,0
hapus_data,574,48111,sore,staff,2
kirim_barang,805,433829,siang,intern,0
update_stok,322,217750,malam,staff,1
hapus_data,442,121592,malam,intern,2
set_harga,836,235000,pagi,intern,0
update_stok,12,256989,malam,admin,0
kirim_barang,942,323137,siang,admin,0
kirim_barang,493,129652,pagi,intern,0
update_stok,700,403064,pagi,admin,0
update_stok,286,79672,siang,intern,2
kirim_barang,719,251351,sore,intern,0
set_harga,113,329269,malam,staff,1
hapus_data,479,218516,pagi,admin,0
set_harga,21,380653,sore,admin,0
update_stok,348,62602,siang,admin,0
set_harga,725,204117,malam,staff,1
kirim_barang,682,238069,malam,staff,1
update_stok,834,43222,pagi,staff,0
hapus_data,565,312367,malam,admin,0
kirim_barang,905,242084,malam,admin,0
kirim_barang,809,243318,malam,admin,0
hapus_data,319,66333,malam,staff,2
hapus_data,125,184804,siang,staff,2
set_harga,276,385794,sore,intern,0
update_stok,975,50420,siang,staff,0
hapus_data,203,76504,siang,intern,2
hapus_data,193,3462,pagi,admin,0
update_stok,680,272604,malam,staff,1
hapus_data,663,100319,siang,admin,0
hapus_data,546,257674,malam,admin,0
set_harga,695,141347,siang,admin,0
kirim_barang,285,488429,siang,admin,0
kirim_barang,56,145341,pagi,staff,1
kirim_barang,733,130593,sore,admin,0
kirim_barang,302,123672,sore,intern,0
hapus_data,162,460158,siang,staff,2
update_stok,18,336064,pagi,admin,0
update_stok,369,285697,malam,staff,1
set_harga,263,418582,malam,intern,2
set_harga,793,45036,siang,admin,0
hapus_data,112,149441,sore,intern,2
update_stok,487,143867,pagi,admin,0
update_stok,326,71021,sore,intern,0
kirim_barang,541,370349,malam,admin,0
hapus_data,646,462370,sore,staff,2
hapus_data,578,162215,malam,admin,0
kirim_barang,64,423641,pagi,staff,1
hapus_data,291,351353,pagi,admin,0
hapus_data,24,338283,siang,admin,0
set_harga,548,237304,siang,intern,0
update_stok,0,6368,sore,intern,0
hapus_data,910,136693,pagi,intern,2
